OBJECTID,IN_FID,Dist1_Headspace_MWH,Dist2_Headspace_MWH,Dist3_Headspace_MWH,Mean_Headspace(MWH)
1,144,26762.16601017984,97482.3180480864,81597.25767416257,68613.9139108096
7,87,149466.414536136,80658.96002152823,45802.5374446992,91975.97066745447
9,279,147996.0922734144,58353.833315988835,-1923.07983269016,68142.28191890435
9,383,147996.0922734144,-1923.07983269016,137743.13261772,94605.38168614807
10,170,29655.06240907176,97956.70125821879,9188.97076067292,45600.24480932116
11,694,126692.23095849,57855.2665651398,123032.30852328001,102526.60201563661
13,274,103316.10201623882,31300.7873777028,96796.988865612,77137.9594198512
15,369,62942.987095182,72098.12964274704,58771.688789907,64604.26850927868
16,127,53704.77303704544,109512.0869605752,56993.07261619853,73403.31087127306
16,664,109512.0869605752,58771.98964410912,53704.77303704544,73996.28321390992
16,889,109512.0869605752,53704.77303704544,58771.98964410912,73996.28321390992
16,890,53704.77303704544,109512.0869605752,56993.07261619853,73403.31087127306
16,891,109512.0869605752,53704.77303704544,58771.98964410912,73996.28321390992
17,178,32552.754297672003,134819.1688155108,48407.160028467246,71926.36104721669
19,104,23962.456647745923,680.4024288964802,51433.79593194024,25358.885002860883
19,522,51433.79593194024,28841.78855163984,118430.8525787904,66235.47902079015
23,342,233165.87921999997,60949.92972638975,72745.193370936,122287.0007724419
24,105,65409.927124623115,121470.7665448128,84275.61525001226,90385.43630648272
25,5,51637.71795368881,98011.89490289999,33709.029625176,61119.54749392159
25,302,51637.71795368881,33709.029625176,87495.6122035488,57614.11992747119
25,466,51637.71795368881,33709.029625176,87495.6122035488,57614.11992747119
26,175,134819.1688155108,103536.3262263264,71325.92359056385,103227.13954413368
26,238,71325.92359056385,103536.3262263264,89473.8729334032,88112.04091676448
27,79,32572.4246655048,97031.623765296,100640.6728845444,76748.2404384484
27,167,32572.4246655048,97031.623765296,100640.6728845444,76748.2404384484
27,495,32572.4246655048,97031.623765296,100640.6728845444,76748.2404384484
33,355,83088.77644406016,79374.51594320736,50875.56367604533,71112.95202110428
35,805,114863.65602,39985.51109658504,99275.9272263108,84708.36478096528
37,1007,100345.3978921728,23568.14425827744,103187.02234760641,75700.18816601888
40,52,27720.796590321122,11947.87017335496,310.002822,13326.223195225362
40,72,310.002822,27720.796590321122,11947.87017335496,13326.223195225359
40,84,27720.796590321122,11947.87017335496,310.002822,13326.223195225362
43,331,40037.789448972006,57657.48822780336,24743.512063212,40812.92991332913
47,103,65469.7555197228,98011.89490289999,67994.69148603755,77158.78063622012
48,343,56753.1320929902,47511.69914595168,57709.49449106003,53991.441910000634
48,584,56753.1320929902,57709.49449106003,47511.69914595168,53991.441910000634
48,887,56753.1320929902,57709.49449106003,47511.69914595168,53991.441910000634
54,70,113362.648801002,89452.417262328,46132.18223427911,82982.41609920304
54,356,113362.648801002,89452.417262328,46132.18223427911,82982.41609920304
68,327,103519.04053705439,68372.7649971324,85483.138489833,85791.64800800658
73,571,103316.10201623882,60319.39327918991,31300.7873777028,64978.76089104384
73,921,103316.10201623882,60319.39327918991,31300.7873777028,64978.76089104384
78,1005,48755.60265327192,96367.05677313961,46533.4194407586,63885.35962239004
79,989,48755.60265327192,96367.05677313961,88988.13435926399,78036.93126189183
82,510,8845.286141142358,122300.032550304,39985.51109658504,57043.6099293438
83,123,17689.785422012403,147996.0922734144,57198.7527719454,74294.8768224574
85,920,4045.7347403346,15364.361976,35415.36911104392,18275.15527579284
86,450,97705.0301737728,47864.51625341051,159921.0849234852,101830.21045022283
86,508,97705.0301737728,47864.51625341051,159921.0849234852,101830.21045022283
86,1051,97705.0301737728,47864.51625341051,-3373.64263155492,47398.6345985428
98,375,81638.51012242847,89554.6708235376,72655.53309966816,81282.90468187808
98,922,102688.07069999998,72098.12964274704,89554.6708235376,88113.62372209488
111,681,80658.96002152823,28841.78855163984,154234.62191999998,87911.79016438934
112,971,68519.21534399615,126559.81131998161,96600.717937416,97226.58153379791
115,158,85679.60653093248,138278.88413320802,87495.6122035488,103818.03428922976
117,446,58771.98964410912,67011.98301,109512.0869605752,78432.01987156144
117,814,156805.12704208738,0.0,58771.98964410912,71859.03889539883
119,884,53697.510735725875,47316.578885032795,78228.0339798528,59747.37453353716
126,37,83905.68358299996,48407.160028467246,18209.68723450464,50174.17694865729
126,117,83905.68358299996,48407.160028467246,18209.68723450464,50174.17694865729
129,576,110973.80649332881,67011.98301,13477.20372653088,63820.99774328656
141,574,114662.45651668921,33883.1832438768,132481.42172458558,93675.6871617172
152,638,72115.95351518964,67092.08627817695,78170.17617630935,72459.40532322532
155,464,13832.71632102096,59352.115708637524,50236.2468481536,41140.35962593736
166,892,126439.21971966242,57539.05564056096,33787.317971674565,72588.53111063264
169,838,101335.43828864879,55085.921229488165,96542.12901353282,84321.16284388992
177,358,88009.44120864,31605.72847515468,77389.70775073933,65668.292478178
177,882,88009.44120864,77389.70775073933,31605.72847515468,65668.292478178
179,214,58362.09404635008,38823.54617070071,86942.7153388068,61376.118518619194
179,848,58362.09404635008,38823.54617070071,86942.7153388068,61376.118518619194
186,566,56272.4101038462,12880.683996820318,52650.528890012996,40601.20766355984
188,284,52853.15816992512,110124.44227520999,46684.3017929742,69887.30074603645
191,45,35415.36911104392,171521.70384733917,100638.8132870412,102525.29541514143
191,306,100638.8132870412,171521.70384733917,35415.36911104392,102525.29541514143
191,632,35415.36911104392,171521.70384733917,100638.8132870412,102525.29541514143
191,791,35415.36911104392,171521.70384733917,100638.8132870412,102525.29541514143
193,451,44651.766765944805,44858.59980765741,97214.2493761332,62241.53864991181
198,712,51103.62555265333,55392.82599449592,52650.528890012996,53048.99347905408
201,575,121470.7665448128,137336.9198002956,103593.369362712,120800.3519026068
202,360,57198.7527719454,41693.94315175319,17689.785422012403,38860.827115237
204,357,56261.883998056204,83688.73728845509,96600.717937416,78850.44640797576
205,216,39558.02369361408,128617.00651373398,56123.680441537916,74766.236882962
205,341,56123.680441537916,39558.02369361408,128617.00651373398,74766.236882962
205,535,39558.02369361408,128617.00651373398,56123.680441537916,74766.236882962
205,1049,128617.00651373398,39558.02369361408,97031.623765296,88402.21799088136
206,281,38012.64383592144,13477.20372653088,93925.47547194839,48471.77434480024
222,361,52795.647825588356,167727.5430595632,579.88287979776,73701.02458831643
231,152,30967.1032182,14971.07904750528,12880.683996820318,19606.288754175202
243,605,122218.03943473201,81595.17439188145,47132.504527043406,83648.57278455228
245,670,27720.796590321122,11947.87017335496,92286.52149288,43985.06275218536
246,665,243369.60493521602,61437.20204526912,78228.0339798528,127678.28032011265
250,203,81518.9760591984,46684.3017929742,106568.47671155278,78257.2515212418
250,950,81518.9760591984,106568.47671155278,46684.3017929742,78257.2515212418
263,668,93925.47547194839,38012.64383592144,72655.53309966816,68197.88413584599
268,570,96367.05677313961,61437.20204526912,48755.60265327192,68853.28715722689
268,793,96367.05677313961,48755.60265327192,61437.20204526912,68853.28715722688
273,78,39882.757265108165,132626.791483962,102965.8025664972,91825.11710518913
273,362,39882.757265108165,132626.791483962,102965.8025664972,91825.11710518913
274,46,157032.5893685928,50670.53937648,98685.31434468001,102129.4810299176
274,237,157032.5893685928,50670.53937648,98685.31434468001,102129.4810299176
303,923,39882.757265108165,124472.3615889612,132626.791483962,98993.97011267713
365,335,24178.879291720586,72311.42024987342,151027.92924789203,82506.07626316202
365,339,93186.00526227345,38192.5777753844,72311.42024987342,67896.66776251042
365,835,24178.879291720586,53960.66119919933,72311.42024987342,50150.32024693111
369,973,38427.32878736491,53880.83635628052,16724.12494632359,36344.096696656336
374,596,19455.854728702187,19455.854728702187,7673.072354773169,15528.26060405918
377,64,69797.58534648339,67865.80515015735,44179.43235898104,60614.27428520727
378,252,38762.34443057977,17750.768796364082,106910.10985453472,54474.407693826186
388,273,96530.46238716037,113813.43895174192,109465.64468938892,106603.18200943041
391,134,54402.47840637133,166229.79513057903,157421.77481716653,126018.01611803896
391,285,54402.47840637133,166229.79513057903,157421.77481716653,126018.01611803896
394,94,88511.96883576288,166229.79513057903,157421.77481716653,137387.8462611695
395,970,81889.80556346223,43754.40220228873,43754.40220228873,56466.2033226799
398,689,33010.04224674088,47559.98509652489,34187.35505602492,38252.46079976356
403,135,18616.830346651415,45420.63785679345,27054.24025240603,30363.902818616963
410,395,103912.79235376461,204518.3457861235,31007.098427470875,113146.07885578634
411,193,158978.3765247114,136691.66724384858,68924.62418028388,121531.55598294795
413,374,120548.98389729267,206719.66003935406,207247.53678617647,178172.0602409411
420,139,54769.87647720902,58855.34716987492,80978.75402706425,64867.992558049395
422,704,88314.56555697403,99910.58335900259,184629.66321215744,124284.93737604469
422,707,99910.58335900259,88314.56555697403,184629.66321215744,124284.93737604469
423,1041,15543.565258963237,80978.75402706425,150858.93615227097,82460.41847943282
425,276,124145.50583879575,42184.33804016682,206719.66003935406,124349.83463943888
429,1038,124262.16893137831,97091.23968044763,64419.44268436986,95257.61709873193
434,439,53625.30014342316,259059.4209827206,27287.592343513235,113324.10448988566
434,947,27287.592343513235,51190.24520995399,53625.30014342316,44034.3792322968
436,686,70676.36671434097,126248.63657147382,51190.24520995399,82705.08283192292
442,389,89020.6751854326,75904.41034793714,193431.0343337647,119452.03995571147
448,476,44384.22746658192,44384.22746658192,46580.53323767342,45116.32939027908
448,554,46580.53323767342,44384.22746658192,44384.22746658192,45116.32939027908
461,242,57712.51516952368,120376.27761663751,56394.70580092667,78161.16619569594
461,455,57712.51516952368,120376.27761663751,46580.53323767342,74889.7753412782
461,1016,70377.80936697243,120376.27761663751,106307.10587562725,99020.39761974574
464,80,59492.85786365727,131679.81733237655,96284.78770292841,95819.15429965407
475,742,121735.73510481449,95320.74124431139,147105.078789091,121387.18504607229
477,205,78749.84994549907,106307.10587562725,112259.08242584558,99105.34608232397
477,293,95320.74124431139,112259.08242584558,78749.84994549907,95443.22453855201
481,269,87819.41665033573,75990.76348826471,56394.70580092667,73401.62864650904
481,334,87819.41665033573,56394.70580092667,75990.76348826471,73401.62864650904
483,397,35500.75177915118,16579.75113100992,70709.72493244952,40930.075947536876
491,667,121735.73510481449,95320.74124431139,34541.25613102941,83865.91082671843
494,467,83203.91038233918,16579.75113100992,35500.75177915118,45094.80443083343
495,601,70291.45622664486,160185.07530764892,128673.34639873175,119716.62597767518
495,797,70291.45622664486,160185.07530764892,128673.34639873175,119716.62597767518
495,821,70291.45622664486,160185.07530764892,128673.34639873175,119716.62597767518
495,924,259059.4209827206,128673.34639873175,160185.07530764892,182639.28089636713
516,785,80978.75402706425,150858.93615227097,150340.81731030552,127392.83582988025
517,448,27054.24025240603,150243.84273371764,150858.93615227097,109385.67304613155
519,22,150858.93615227097,150340.81731030552,153619.55969540318,151606.43771932655
519,69,150858.93615227097,150340.81731030552,153619.55969540318,151606.43771932655
519,752,54769.87647720902,150858.93615227097,150340.81731030552,118656.54331326182
519,753,150858.93615227097,150340.81731030552,153619.55969540318,151606.43771932655
520,149,54769.87647720902,56780.83386790142,150243.84273371764,87264.85102627602
520,231,56780.83386790142,54769.87647720902,91958.06360681535,67836.25798397527
520,352,54769.87647720902,56780.83386790142,91958.06360681535,67836.25798397527
520,543,54769.87647720902,56780.83386790142,150243.84273371764,87264.85102627602
520,544,54769.87647720902,56780.83386790142,150243.84273371764,87264.85102627602
520,590,91958.06360681535,56780.83386790142,54769.87647720902,67836.25798397527
520,618,56780.83386790142,91958.06360681535,54769.87647720902,67836.25798397527
520,775,54769.87647720902,56780.83386790142,150243.84273371764,87264.85102627602
520,844,54769.87647720902,56780.83386790142,150243.84273371764,87264.85102627602
520,900,56780.83386790142,54769.87647720902,91958.06360681535,67836.25798397527
520,939,54769.87647720902,150243.84273371764,56780.83386790142,87264.85102627602
520,975,56780.83386790142,91958.06360681535,54769.87647720902,67836.25798397527
522,148,91958.06360681535,56780.83386790142,66785.19922272617,71841.36556581431
522,751,91958.06360681535,56780.83386790142,66785.19922272617,71841.36556581431
522,888,56780.83386790142,150243.84273371764,91958.06360681535,99660.91340281146
539,406,32357.8632,53397.53483999999,34541.25613102941,40098.88472367647
544,16,93210.78861354747,94909.95935577313,81857.47494772359,89992.74097234807
544,487,94909.95935577313,93210.78861354747,81857.47494772359,89992.74097234807
544,699,94909.95935577313,85456.88971942768,58812.84415420569,79726.56440980216
544,1058,81857.47494772359,94909.95935577313,85456.88971942768,87408.10800764147
545,319,62648.05481088824,95851.98576360662,4082.9491809683323,54194.32991848773
547,119,55640.22977857063,98581.86758878222,107420.28420759001,87214.12719164763
555,808,90811.12119698452,84766.6431628473,2037.7786760781457,59205.18101196999
556,462,64333.08954404228,28702.04814676486,84766.6431628473,59267.26028455148
558,265,64986.3596859344,98321.42651755424,68186.70205492864,77164.82941947243
559,627,48212.58168392246,77670.9365396183,76083.20452498538,67322.24091617537
567,711,22924.953976337925,89299.42312241001,32328.016509119672,48184.13120262254
570,124,37300.73117739525,71955.956183029,112843.7795390036,74033.48896647595
572,161,106793.01499625052,92254.68664384056,154252.87362656556,117766.85842221888
572,489,106793.01499625052,92254.68664384056,154252.87362656556,117766.85842221888
572,918,154252.87362656556,243920.5065393324,162262.12739194804,186811.83585261533
582,1000,2500.2601897305312,121848.08054038067,79653.20741709389,68000.51604906836
586,867,67304.8983271596,121848.08054038067,109539.82203693032,99564.26696815685
590,108,82299.68074402706,30243.728031661092,44975.85010159419,52506.41962576078
592,122,82299.68074402706,30243.728031661092,135102.76946182124,82548.72607916979
592,565,135102.76946182124,90770.9669867322,82299.68074402706,102724.47239752684
598,598,77670.9365396183,98495.85986101592,76083.20452498538,84083.3336418732
603,115,30482.658535633454,84453.37124036692,90666.65239321649,68534.22738973895
604,517,55367.65609112664,100957.70153861472,120743.36481617003,92356.2408153038
606,131,48494.63694617441,102565.33795209318,58506.497753579584,69855.49088394905
608,62,121412.5153005684,50084.82138999265,259.0594209827206,57252.132037181254
608,635,121412.5153005684,50084.82138999265,259.0594209827206,57252.132037181254
610,244,224753.47715908382,57954.597563118,32111.04560873261,104939.70677697814
610,512,32111.04560873261,224753.47715908382,57954.597563118,104939.70677697814
615,997,29526.228423993318,145245.9820309787,172107.76703953664,115626.65916483621
616,50,97099.78864134007,40107.91633379208,25474.176396634193,54227.29379058879
616,1032,97099.78864134007,40107.91633379208,25474.176396634193,54227.29379058879
616,1033,97099.78864134007,40107.91633379208,25474.176396634193,54227.29379058879
620,344,122834.66516862319,109985.1451815996,61825.30799578921,98215.03944867068
621,218,31262.487839989677,107782.44927812385,61825.30799578921,66956.74837130091
635,128,20224.794902063095,42725.17639335244,134430.16485180976,65793.37871574177
646,936,47387.4515221504,53836.675360317,81390.07994038658,60871.40227428466
647,518,61310.72963257721,518.1188419654412,105671.28770339533,55833.378725979324
656,579,100957.70153861472,54553.32870720956,74558.88162129499,76689.97062237309
668,737,62762.24820365743,90728.82665425233,187110.5025806283,113533.85914617935
668,946,62762.24820365743,90728.82665425233,187110.5025806283,113533.85914617935
668,1001,187110.5025806283,90728.82665425233,62762.24820365743,113533.85914617935
668,1048,62762.24820365743,90728.82665425233,187110.5025806283,113533.85914617935
668,1055,62762.24820365743,90728.82665425233,187110.5025806283,113533.85914617935
675,101,49628.66956152627,62641.75103164433,123418.06698467628,78562.82919261562
676,738,14605.450648386575,108108.0006171588,123418.06698467628,82043.83941674055
678,109,15752.479411357734,30741.717956616176,68996.15912173125,38496.78549656839
678,874,30741.717956616176,68996.15912173125,15752.479411357734,38496.78549656839
679,74,518.1188419654412,68996.15912173125,61310.72963257721,43608.33586542463
679,217,518.1188419654412,61310.72963257721,68996.15912173125,43608.33586542463
679,234,518.1188419654412,68996.15912173125,61310.72963257721,43608.33586542463
679,288,518.1188419654412,68996.15912173125,61310.72963257721,43608.33586542463
681,151,143563.82285739755,66015.46460047424,46959.934395016644,85513.0739509628
689,483,46959.934395016644,120518.1558261957,46630.69577688971,71369.59533270069
693,961,118444.90328007101,109870.20915182358,92034.39978286492,106783.17073825316
697,112,107093.2648651695,4058.597595395956,26769.473501547796,45973.77865403775
697,473,134456.32985332902,101944.80428569923,4058.597595395956,80153.24391147474
698,373,134456.32985332902,101944.80428569923,43056.57383998757,93152.5693263386
698,465,134456.32985332902,101944.80428569923,43056.57383998757,93152.5693263386
699,12,134456.32985332902,43056.57383998757,64137.37878680387,80550.09416004016
699,509,134456.32985332902,64137.37878680387,43056.57383998757,80550.09416004016
711,599,76889.1901955468,73594.61064451312,45422.63261433502,65302.144484798315
721,278,77631.47315448862,75826.58889787392,90490.57834008856,81316.21346415037
721,963,77631.47315448862,75826.58889787392,90490.57834008856,81316.21346415037
723,29,147518.62397811975,88540.11995950964,101223.06473884138,112427.2695588236
723,65,33831.916895122595,101223.06473884138,147518.62397811975,94191.20187069457
723,671,88540.11995950964,147518.62397811975,101223.06473884138,112427.2695588236
723,895,88540.11995950964,147518.62397811975,35943.98517782455,90667.57637181798
731,1028,27888.489305796687,99405.33113494594,74517.82070306923,67270.54704793729
732,23,90666.65239321649,102793.22388941764,104314.59351570882,99258.15659944766
736,264,55367.65609112664,27888.489305796687,34520.021893822865,39258.72243024873
736,739,55367.65609112664,27888.489305796687,34520.021893822865,39258.72243024873
738,138,109994.8167333163,176780.421815802,98183.52055245111,128319.58636718981
746,211,130692.62823215174,39799.88604692959,94595.63392498076,88362.71606802069
754,486,42111.18829499533,98137.49432865651,117915.6448830033,86054.77583555171
755,615,66479.77680070157,102584.94011494753,30764.08341996102,66609.60011187004
756,301,42111.18829499533,63449.68828317718,222136.45888831638,109232.4451554963
769,300,173190.89447866543,58812.84415420569,85456.88971942768,105820.20945076627
780,678,109917.27161330212,31660.06633337186,91267.75660303673,77615.03151657023
818,985,48494.63694617441,58506.497753579584,89081.12238366192,65360.75236113864
832,595,74568.76042054845,54913.97396247364,24437.93871270331,51306.891031908475
834,1035,117492.85990795949,69102.95205037436,54913.97396247364,80503.26197360248
834,1036,117492.85990795949,69102.95205037436,54913.97396247364,80503.26197360248
845,608,48252.9517770256,72663.00706071714,61827.98494313938,60914.6479269607
880,85,64137.37878680387,43056.57383998757,85389.80196470719,64194.58486383288
880,631,43056.57383998757,85389.80196470719,64137.37878680387,64194.58486383288
880,823,64137.37878680387,43056.57383998757,85389.80196470719,64194.58486383288
880,956,64137.37878680387,43056.57383998757,85389.80196470719,64194.58486383288
880,979,64137.37878680387,85389.80196470719,43056.57383998757,64194.58486383288
884,925,66958.5358813057,85997.01134154858,88508.34200386913,80487.96307557447
885,225,66958.5358813057,83774.12607386424,85997.01134154858,78909.89109890617
902,616,1801.1786399999999,130728.2832,102737.4089198688,78422.29025328961
903,405,109128.4250169324,166875.19679999998,112188.1066516116,129397.24282284798
903,407,83149.8736137852,166875.19679999998,109128.4250169324,119717.8318102392
903,496,109128.4250169324,166875.19679999998,112188.1066516116,129397.24282284798
903,856,83149.8736137852,166875.19679999998,109128.4250169324,119717.8318102392
903,1056,109128.4250169324,166875.19679999998,112188.1066516116,129397.24282284798
908,506,122781.7368,149104.88985647997,100114.40425415519,124000.34363687837
910,61,60311.3593138416,39383.32472461728,3654.85596,34449.84666615296
910,540,60311.3593138416,39383.32472461728,3654.85596,34449.84666615296
912,750,105225.7687239024,24629.28312,12247.813293803638,47367.621712568674
925,651,123794.31699604081,145923.0001011888,31483.42856048244,100400.2485525707
925,761,123794.31699604081,145923.0001011888,31483.42856048244,100400.2485525707
928,621,156133.86,222190.1552746656,95497.0445366736,157940.3532704464
928,944,169303.9068,95497.0445366736,54518.67492620856,106439.87542096071
932,59,94948.015815408,49317.8319760248,65851.51043548189,70039.11940897157
939,58,66719.17303656696,73680.73668,88292.80613978878,76230.90528545191
940,425,73680.73668,137665.6221773196,66719.17303656696,92688.51063129552
940,550,66719.17303656696,73680.73668,137665.6221773196,92688.51063129552
940,646,75156.5872760544,66719.17303656696,138330.9996,93402.25330420712
941,966,137665.6221773196,73680.73668,105571.81961078642,105639.39282270201
944,432,92764.6092214272,57487.8404412378,71365.48982865478,73872.6464971066
945,60,100239.9107714352,156572.9112,93636.2925036672,116816.3714917008
950,1019,98679.896863716,48260.8986,128258.8366224576,91733.21069539122
955,894,114669.7474600464,75225.47899130496,38176.64750682384,76023.9579860584
976,410,28758.87039912084,47036.52216,57375.87132,44390.42129304028
980,413,169355.35908267,55880.61816,110783.34,112006.43908088999
984,409,47526.4602,142234.620423342,114707.02963740959,101489.3700869172
989,547,102841.3047379008,145821.73680506882,64888.666320000004,104517.23595432322
989,861,36199.22850834,102841.3047379008,132188.7470529792,90409.76009974
990,545,64888.666320000004,93623.11319999999,145821.73680506882,101444.50544168959
992,539,17535.19675419792,73578.18336,98381.37000000001,63164.91670473264
995,858,120003.5904,147495.7992,108624.0,125374.4632
1006,34,115163.51520000001,107737.00612553999,62116.546800000004,95005.68937518
1009,35,104756.6309717232,55330.15256543808,62116.546800000004,74067.77677905378
1009,654,55330.15256543808,104756.6309717232,107737.00612553999,89274.59655423377
1010,1018,107737.00612553999,55330.15256543808,62116.546800000004,75061.23516365937
1014,537,53177.391085387804,56632.261760140675,51354.89995955232,53721.517601693595
1014,999,56632.261760140675,53177.391085387804,51354.89995955232,53721.517601693595
1024,433,80411.49349927453,176198.2896,150457.2689543856,135689.01735122004
1027,426,68097.0266209278,76846.29568677672,52521.7514744496,65821.69126071804
1031,855,119673.864,65585.1410020224,157574.2425638832,114277.74918863519
1050,427,69475.2002295156,151256.55479999998,110770.1124,110500.62247650519
1070,420,22114.40976,32639.18371193316,47884.09596,34212.56314397772
1074,403,134393.64817283998,156252.888174474,24532.599,105059.711782438
1078,622,103407.7851434304,158812.33053098642,125033.71358958479,129084.60975466721
1082,541,91437.8436,140916.5097904512,141323.2984265904,124559.21727234719
1084,658,79435.63216670329,106816.4616,123783.2326302552,103345.10879898614
1091,548,83149.8736137852,166875.19679999998,118792.4669050452,122939.17910627679
1097,998,94648.33724742361,75156.5872760544,138330.9996,102711.974707826
1102,429,73094.19336,37544.350700656796,120892.67516995201,77177.07307686961
1103,430,73094.19336,36266.0564853043,37544.350700656796,48968.20018198704
1111,503,22615.59498617112,124833.2412,65755.86826757617,71068.23481791577
1111,504,22615.59498617112,124833.2412,65755.86826757617,71068.23481791577
1111,647,124833.2412,103660.06997160958,65755.86826757617,98083.05981306192
1111,763,22615.59498617112,124833.2412,65755.86826757617,71068.23481791577
1120,411,118807.55737712399,79301.66952,99470.5008,99193.24256570799
1120,538,99470.5008,119151.5052,97652.1923065728,105424.7327688576
1121,974,73784.51269541352,79301.66952,118807.55737712399,90631.24653084583
1123,1020,63554.5305181248,28037.139606020162,48495.3648278112,46695.67831731872
1127,435,94126.9501106532,121229.64,108235.6307705808,107864.07362707799
1132,424,61100.960646392035,110286.47279999999,94381.88944168678,88589.77429602627
1137,431,101260.76833913039,94729.2202261536,131098.4887973544,109029.4924542128
1140,421,335378.8776,19141.4075782242,26092.39584,126870.89367274141
1140,818,335378.8776,19141.4075782242,72769.20113778504,142429.8287720031
1140,859,335378.8776,26092.39584,19141.4075782242,126870.89367274141
1146,542,72769.20113778504,19141.4075782242,112775.8598529672,68228.82285632548
1150,412,100044.5436,14245.48589591832,143134.3015225728,85808.11033949704
1150,499,14245.48589591832,143134.3015225728,100044.5436,85808.11033949704
1151,817,45409.65876,100044.5436,14245.48589591832,53233.22941863944
1151,860,45409.65876,100044.5436,14245.48589591832,53233.22941863944
1161,500,138417.1104,105155.92729199039,99742.4756606352,114438.5044508752
1167,422,116808.5556,48232.01032923696,26562.00751783272,63867.52448235656
1167,591,116808.5556,48232.01032923696,26562.00751783272,63867.52448235656
1170,816,122781.7368,51511.48056,149104.88985647997,107799.36907215999
1172,657,51511.48056,178677.0232485216,92886.1381814292,107691.5473299836
1176,659,122781.7368,86688.94759282655,51511.48056,86994.05498427551
1186,423,17353.3848,56734.21191833856,141089.71401200283,71725.77024344713
1205,428,81416.3066817427,142062.0591023952,67027.9370668812,96835.43428367305
1229,498,108387.51662065441,143486.3221581384,114499.41692644802,122124.4185684136
1237,408,50476.04214210864,36199.22850834,132188.7470529792,72954.67256780928
1237,549,50476.04214210864,132188.7470529792,36199.22850834,72954.67256780928
1277,434,126313.24320000001,91777.7966594688,42897.82767586141,86996.28917844342
1291,66,130390.653014664,109570.8693853248,44487.81715944576,94816.44651981152
1295,219,141386.963204928,72775.62785132352,159476.8585808256,124546.48321235903
1296,248,134687.8349704176,37263.0864870624,43294.38003281664,71748.43383009887
1297,447,109449.8049007584,181831.61207206562,172191.28711324796,154490.901362024
1297,484,109449.8049007584,172191.28711324796,181831.61207206562,154490.901362024
1297,528,172191.28711324796,109449.8049007584,116927.2817742624,132856.1245960896
1299,468,203698.7106463104,181831.61207206562,109449.8049007584,164993.37587304483
1304,727,20805.45629928084,151916.1408648288,11955.06302799624,61558.88673070196
1304,732,151916.1408648288,20805.45629928084,45182.922945982085,72634.84003669723
1305,160,33244.09661957832,176308.36333532401,112735.111821462,107429.19059212145
1305,650,176308.36333532401,33244.09661957832,161925.9821507376,123826.14736854665
1305,703,33244.09661957832,176308.36333532401,82171.29244301208,97241.2507993048
1305,719,176308.36333532401,33244.09661957832,161925.9821507376,123826.14736854665
1308,3,60529.32898609212,111897.630920724,24560.070391360798,65662.34343272564
1308,41,111897.630920724,24560.070391360798,60529.32898609212,65662.34343272564
1308,129,60529.32898609212,24560.070391360798,111897.630920724,65662.34343272564
1308,438,60529.32898609212,24560.070391360798,111897.630920724,65662.34343272564
1308,760,60529.32898609212,111897.630920724,24560.070391360798,65662.34343272564
1308,902,111897.630920724,60529.32898609212,24560.070391360798,65662.34343272564
1309,172,40305.63636508176,169991.5511819712,67784.10517071169,92693.76423925489
1310,580,123707.21608880641,161925.9821507376,18956.28354249504,101529.82726067968
1310,690,124827.6331301688,161925.9821507376,123707.21608880641,136820.2771232376
1310,824,123707.21608880641,124827.6331301688,161925.9821507376,136820.2771232376
1311,968,50030.46156463764,84776.4490532256,43120.4141088192,59309.108242227485
1312,461,51783.29697249708,6773.68319270016,34481.63180839608,31012.870657864445
1316,137,99479.2355504388,184341.3970098144,124590.662344248,136137.0983015004
1316,536,99479.2355504388,124590.662344248,184341.3970098144,136137.0983015004
1316,552,124590.662344248,99479.2355504388,70869.9660233166,98313.2879726678
1316,754,99479.2355504388,184341.3970098144,124590.662344248,136137.0983015004
1320,147,123707.21608880641,18956.28354249504,124827.6331301688,89163.71092049009
1320,381,102673.983404988,42196.061682515516,123707.21608880641,89525.75372543663
1320,873,123707.21608880641,124827.6331301688,18956.28354249504,89163.71092049009
1321,715,93073.08772047001,93133.5958523424,70869.9660233166,85692.216532043
1324,485,144083.06022448922,113264.55940136401,104035.7616698112,120461.1270985548
1328,757,20370.08923109952,32307.743091982324,1949.33888597088,18209.05706968424
1333,132,50030.46156463764,220935.16850631838,128871.4258562484,133279.01864240147
1342,249,122654.01484324201,59217.23614115352,44717.66719214784,75529.63939218113
1342,380,44717.66719214784,122654.01484324201,39768.11818177968,69046.60007238985
1343,863,141386.963204928,220935.16850631838,43120.4141088192,135147.5152733552
1348,1,28357.21832816928,34654.59874386816,63362.84800466016,42124.8883588992
1348,232,26109.6389167776,33991.039043954996,63362.84800466016,41154.50865513092
1348,236,28357.21832816928,63362.84800466016,34654.59874386816,42124.8883588992
1348,578,63362.84800466016,33991.039043954996,28357.21832816928,41903.70179226148
1348,938,28357.21832816928,34654.59874386816,63362.84800466016,42124.8883588992
1348,959,63362.84800466016,33991.039043954996,28357.21832816928,41903.70179226148
1349,456,41271.10558625088,114826.6763415552,27243.755956908,61113.84596157136
1351,49,117334.1446165368,25456.086274968,73504.037907072,72098.0895995256
1353,83,64766.65890642312,73504.037907072,85625.80941504348,74632.1687428462
1353,130,73504.037907072,64766.65890642312,85625.80941504348,74632.1687428462
1353,136,64766.65890642312,85625.80941504348,73504.037907072,74632.16874284619
1355,91,77430.1757697468,17637.4278,196095.25753872,97054.2870361556
1355,771,196095.25753872,35116.89206839128,77430.1757697468,102880.77512561937
1355,830,196095.25753872,35116.89206839128,77430.1757697468,102880.77512561937
1363,118,42325.0746343572,48368.45579924592,28357.21832816928,39683.5829205908
1366,97,177159.17021130002,29586.90337854804,91029.37761237602,99258.48373407469
1366,142,177159.17021130002,29586.90337854804,91029.37761237602,99258.48373407469
1369,162,31452.769394443203,56594.416204077366,35746.36425742704,41264.516618649206
1369,613,31452.769394443203,35746.36425742704,56594.416204077366,41264.516618649206
1391,188,12846.71549890872,39339.5696392134,33390.378625294325,28525.55458780548
1394,534,53645.894429256594,13456.934844417601,50814.20182459344,39305.677032755884
1394,589,50814.20182459344,25192.417914739202,13456.934844417601,29821.18486125008
1401,983,109449.8049007584,116927.2817742624,181831.61207206562,136069.5662490288
1401,996,109449.8049007584,116927.2817742624,181831.61207206562,136069.5662490288
1402,48,64486.9891891062,64405.42162956,116689.4061250176,81860.6056478946
1402,295,64368.699172791,-42181.3856520198,116689.4061250176,46292.2398819296
1402,649,64405.42162956,64486.9891891062,116689.4061250176,81860.6056478946
1402,1022,64486.9891891062,64405.42162956,116689.4061250176,81860.6056478946
1405,166,34483.68096573804,21557.491920353998,35440.672762598406,30493.948549563484
1405,345,35440.672762598406,34483.68096573804,21557.491920353998,30493.948549563484
1406,769,17555.181417498,23594.197613828397,0.0,13716.459677108798
1411,951,102673.983404988,42196.061682515516,8984.82209300364,51284.95572683571
1414,6,87765.55253841601,64486.9891891062,64405.42162956,72219.3211190274
1414,469,87765.55253841601,64486.9891891062,64405.42162956,72219.3211190274
1416,626,124827.6331301688,112735.111821462,176308.36333532401,137957.0360956516
1416,841,124827.6331301688,176308.36333532401,112735.111821462,137957.0360956516
1435,437,42325.0746343572,48368.45579924592,18956.28354249504,36549.93799203273
1444,86,-42181.3856520198,64368.699172791,9774.30152731584,10653.871682695679
1444,767,9774.30152731584,-42181.3856520198,64368.699172791,10653.871682695679
1460,330,20558.35487516832,35584.98571068671,28862.285674134,28335.208753329676
1503,602,10303.40777656848,23655.69299868192,23594.197613828397,19184.4327963596
1527,713,137649.56991786,33668.46967092336,45182.922945982085,72166.98751158848
1527,714,137649.56991786,33668.46967092336,45182.922945982085,72166.98751158848
1594,478,15072.761425502998,64333.08954404228,40185.38991216144,39863.746960568904
1622,677,70988.80101136018,47091.55385150394,41847.65578134364,53309.33688140259
1632,332,55496.46907055329,340828.2457965839,37135.563525890706,144486.75946434264
1632,897,37135.563525890706,39722.444550683824,55496.46907055329,44118.15904904261
1634,1059,64108.29504914155,84789.78580445507,-31827.418719326695,39023.55404475664
1635,226,48468.152438035955,4329.513302545653,66534.67149200781,39777.44574419647
1635,581,114493.98805066352,66534.67149200781,142138.90968885226,107722.52307717454
1635,929,19184.386361454395,306638.533299828,66534.67149200781,130785.8637177634
1639,15,142564.0261986849,102379.0742284066,84629.79934137018,109857.6332561539
1640,262,72154.67202955081,-31846.45095145489,91716.27481389814,44008.165297331354
1641,245,147763.17607152747,41525.81762734277,19565.549122860302,69618.18094057684
1641,314,41525.81762734277,147763.17607152747,19565.549122860302,69618.18094057684
1641,674,8547.605148126637,11547.331901511854,41525.81762734277,20540.251558993754
1641,693,41525.81762734277,147763.17607152747,8547.605148126637,65945.53294899895
1641,879,11547.331901511854,8547.605148126637,41525.81762734277,20540.251558993754
1641,928,8547.605148126637,11547.331901511854,41525.81762734277,20540.251558993754
1641,930,41525.81762734277,147763.17607152747,8547.605148126637,65945.53294899895
1641,933,19565.549122860302,41525.81762734277,121200.25928164322,60763.875343948755
1641,958,147763.17607152747,41525.81762734277,8547.605148126637,65945.53294899895
1641,1015,147763.17607152747,41525.81762734277,8547.605148126637,65945.53294899895
1641,1034,19565.549122860302,41525.81762734277,121200.25928164322,60763.875343948755
1641,1044,147763.17607152747,41525.81762734277,8547.605148126637,65945.53294899895
1642,20,131013.34379532834,147763.17607152747,107972.59889312516,128916.37291999366
1642,367,147763.17607152747,131013.34379532834,107972.59889312516,128916.37291999366
1642,617,131013.34379532834,147763.17607152747,107972.59889312516,128916.37291999366
1642,782,147763.17607152747,107972.59889312516,131013.34379532834,128916.37291999366
1642,836,131013.34379532834,107972.59889312516,147763.17607152747,128916.37291999366
1649,820,18769.001850536664,340828.2457965839,2680.194228231096,120759.14729178388
1650,199,48828.81496392809,56134.37698878114,136121.7365176866,80361.64282346527
1652,323,88538.91101554508,75765.03637944844,13954.088910895689,59419.345435296396
1657,164,110039.11589430433,42652.08709537919,-10207.200246140173,47494.66758118111
1661,454,115292.75459869357,127877.0840917712,67776.68870933929,103648.84246660136
1662,315,142438.90049835027,17704.120829959124,52392.25501737171,70845.09211522703
1662,457,142438.90049835027,17704.120829959124,52392.25501737171,70845.09211522703
1662,660,38870.37220912956,142438.90049835027,58724.52216227864,80011.26495658616
1667,171,3000.2794134833134,301800.6849661161,170874.7305487992,158558.56497613288
1667,597,301800.6849661161,170874.7305487992,93694.7979650835,188790.07115999958
1672,184,236707.5150809105,89272.91270832944,85066.15039475946,137015.52606133313
1672,392,89272.91270832944,85066.15039475946,25305.235112897328,66548.09940532874
1672,645,85066.15039475946,89272.91270832944,70813.44368929697,81717.50226412863
1674,297,50981.728282004995,65074.28445341595,10317.153699719274,42124.38881171341
1674,745,41671.49537507539,311600.73015561176,65074.28445341595,139448.8366613677
1676,146,200268.99410374393,84378.67577398357,125895.53858067437,136847.73615280064
1676,746,165993.44658550245,125895.53858067437,47935.26720907449,113274.75079175043
1677,444,-13076.119262557184,73896.65665875089,29360.067711375003,30060.2017025229
1680,21,109682.3047184708,120865.20909717224,2122.8451546148385,77556.78632341929
1680,96,109682.3047184708,2122.8451546148385,120865.20909717224,77556.78632341929
1680,630,109682.3047184708,120865.20909717224,111312.65200785539,113953.38860783279
1680,960,109682.3047184708,120865.20909717224,111312.65200785539,113953.38860783279
1682,251,133090.4822327678,488583.82279176253,87271.07420925563,236315.12641126197
1682,987,488583.82279176253,133090.4822327678,156347.4553983512,259340.58680762714
1683,463,183407.8526296626,174538.86699917883,543377.1355112564,300441.2850466993
1683,744,102805.48603534415,7658.280061835056,183407.8526296626,97957.2062422806
1683,803,183407.8526296626,174538.86699917883,102805.48603534415,153584.06855472852
1683,988,183407.8526296626,174538.86699917883,102805.48603534415,153584.06855472852
1690,174,21192.59772228438,207448.73960313972,2432.4988805154844,77024.61206864653
1692,583,367603.15954597236,33541.31267197821,121424.7774464949,174189.74988814848
1692,786,121424.7774464949,367603.15954597236,33541.31267197821,174189.74988814848
1692,787,121424.7774464949,367603.15954597236,33541.31267197821,174189.74988814848
1692,850,121424.7774464949,367603.15954597236,33541.31267197821,174189.74988814848
1692,885,121424.7774464949,367603.15954597236,33541.31267197821,174189.74988814848
1692,898,121424.7774464949,367603.15954597236,33541.31267197821,174189.74988814848
1692,907,367603.15954597236,33541.31267197821,121424.7774464949,174189.74988814848
1692,914,367603.15954597236,121424.7774464949,33541.31267197821,174189.74988814848
1692,948,121424.7774464949,367603.15954597236,33541.31267197821,174189.74988814848
1692,952,121424.7774464949,367603.15954597236,33541.31267197821,174189.74988814848
1692,964,121424.7774464949,367603.15954597236,250986.43859977642,246671.45853074788
1692,981,121424.7774464949,367603.15954597236,250986.43859977642,246671.45853074788
1692,1012,121424.7774464949,367603.15954597236,33541.31267197821,174189.74988814848
1692,1037,121424.7774464949,367603.15954597236,33541.31267197821,174189.74988814848
1692,1045,121424.7774464949,367603.15954597236,250986.43859977642,246671.45853074788
1692,1050,367603.15954597236,121424.7774464949,33541.31267197821,174189.74988814848
1699,255,-13379.780080519095,34023.13728906397,14552.179396118496,11731.84553488779
1704,800,34389.62001661419,70409.24191005166,11270.121050432277,38689.66099236604
1713,14,4826.242471651954,149087.05606588948,94775.42116314276,82896.23990022806
1716,913,92198.98886832928,4329.513302545653,67097.46944877873,54541.990539884566
1718,157,86099.14120061402,17064.494484238756,146664.93683284137,83276.19083923138
1719,919,119024.85097051098,149654.05078528033,57111.74773695072,108596.88316424732
1720,120,49759.693181345305,163578.84007566288,34467.50191387563,82602.01172362793
1727,320,11547.331901511854,70813.44368929697,8547.605148126637,30302.793579645153
1727,935,11547.331901511854,70813.44368929697,8547.605148126637,30302.793579645153
1729,348,10117.842016529201,13713.310449720315,18224.830266134395,14018.660910794637
1734,89,37733.99078836079,105514.9021662621,65193.68494054688,69480.85929838993
1735,207,137922.89031863914,55783.740062481025,62457.058935111716,85387.89643874396
1740,402,-18506.272421090023,131314.62990193124,86773.5937678285,66527.3170828899
1749,391,130615.7739372602,149087.05606588948,94775.42116314276,124826.0837220975
1749,474,130615.7739372602,149087.05606588948,94775.42116314276,124826.0837220975
1753,443,-6027.8982311943355,52197.364614966405,121200.25928164322,55789.90855513843
1755,377,219323.85075470697,1293.6563952473791,39542.06147585356,86719.85620860264
1760,159,81226.50982197808,78100.89746062332,49790.193110509,69705.86679770346
1764,256,4784.309386708884,56435.15361185611,335349.4844553607,132189.64915130855
1764,801,91761.35115314914,335349.4844553607,56435.15361185611,161181.99640678865
1768,611,86773.5937678285,109165.99929245224,55593.68543593408,83844.42616540493
1772,556,110544.7998840626,49304.97481500836,7658.280061835056,55836.01825363533
1779,267,155909.55862375008,25321.5990329894,111312.65200785539,97514.60322153162
1780,259,95051.83756533131,47091.55385150394,116624.83814138673,86256.07651940733
1788,349,163578.84007566288,78100.89746062332,191021.86807176573,144233.8685360173
1788,350,191021.86807176573,163578.84007566288,78100.89746062332,144233.86853601728
1802,672,17356.98120584228,0.0,32345.33031375535,16567.43717319921
1802,695,0.0,32345.33031375535,17356.98120584228,16567.43717319921
1818,955,85928.09290025315,81324.61562470424,144280.89933467773,103844.53595321171
1832,908,135645.58530192036,8552.656806835801,5513.121255759572,49903.7877881719
1834,317,17454.637972238732,18433.865312925354,100701.1463587015,45529.88321462186
1856,953,78373.16027676214,34474.13383505279,60301.25278683384,57716.1822995496
1859,156,3246.2476983923734,80740.02213531462,127296.44557620859,70427.5718033052
1860,180,238533.27952685638,32962.21987762747,67776.68870933929,113090.72937127437
1876,717,31966.67179341894,86099.14120061402,127296.44557620859,81787.41952341385
1904,277,8552.656806835801,139745.97781723487,1082.436614006134,49793.69041269227
1905,832,139745.97781723487,49888.56660797017,1082.436614006134,63572.3270130704
1909,13,43533.46769276063,21192.59772228438,17454.637972238732,27393.567795761246
1955,729,2589.98110253088,48053.38966972858,110922.33581357475,53855.2355286114
2033,505,16315.398262525121,67335.89046922316,6632.784708560924,30094.691146769735
2033,652,11992.136927339185,16315.398262525121,6632.784708560924,11646.773299475077
2033,903,16315.398262525121,11992.136927339185,6632.784708560924,11646.773299475077
2033,965,67335.89046922316,16315.398262525121,67480.53197927185,50377.27357034005
2033,991,6632.784708560924,16315.398262525121,11992.136927339185,11646.773299475077
2042,31,44045.02369606118,42825.77780183406,39909.30411103866,42260.03520297797
2042,905,44045.02369606118,42825.77780183406,39909.30411103866,42260.03520297797
2046,656,71475.0987211149,15736.694057305855,80682.97725081423,55964.92334307833
2047,653,16466.49898747031,71488.56117569198,50517.26064612507,46157.440269762454
2052,32,126918.04611529315,36162.63132913397,105429.58526361846,89503.42090268187
2058,967,141315.96426153046,64989.95197657203,32947.06490149998,79750.99371320082
2065,764,19028.622566931514,159.96919245682997,7814.380633605209,9000.990797664517
2070,501,80706.5084815535,7812.748559253018,40019.084858337104,42846.11396638121
2076,404,35928.812931069,16786.212854219117,34824.718949468705,29179.91491158561
2087,416,96525.62661130202,34221.29184017366,65938.0576454846,65561.65869898676
2087,992,65938.0576454846,96525.62661130202,68295.7488005343,76919.81101910699
2087,993,65938.0576454846,96525.62661130202,68295.7488005343,76919.81101910699
2098,507,29275.312104143486,36392.62428308242,70239.44573022555,45302.46070581715
2106,759,65953.89481142067,340.9826452114896,26849.635121713884,31048.170859448684
2108,994,84241.56425777145,12046.789829852507,27912.901338567295,41400.418475397084
2110,36,62511.64275511278,58927.27933576779,36162.63132913397,52533.851140004845
2119,546,7777.948243701007,9789.294223524883,59435.51937847975,25667.58728190188
2121,655,80164.7288791383,68982.05765391576,66345.52357343429,71830.77003549611
2123,418,64618.88389727042,68295.7488005343,80682.97725081423,71199.20331620632
2145,904,77642.98402809427,44907.35479068635,139915.57538483822,87488.63806787295
2145,1017,44907.35479068635,77642.98402809427,139915.57538483822,87488.63806787295
2182,417,131208.41553932833,135042.06320417096,136507.64870181054,134252.70914843658
2192,419,66345.52357343429,100137.00129294148,136116.55532926694,100866.36006521423
2223,497,28702.83396034184,165028.6229486225,32947.06490149998,75559.50727015478
2224,620,397.69075246460716,763.4740195781759,9182.162564509777,3447.7757788508534
2291,762,28702.83396034184,165028.6229486225,101825.89601146815,98519.11764014418
2295,414,26038.882757806357,93000.25965742883,86120.8331094643,68386.65850823316
2295,415,93000.25965742883,16053.886412357097,86120.8331094643,65058.326393083415
2302,502,151904.2409159362,217810.33926418563,85986.83030630398,151900.47016214192
2302,857,151904.2409159362,217810.33926418563,85986.83030630398,151900.47016214192
2330,33,-4563.815278196458,26783.151838975682,39665.606913720214,20628.314491499812
2331,765,-4563.815278196458,39665.606913720214,47560.36505034234,27554.052228622033
2389,272,-4058.597595395956,4176.037866241456,155563.8870030188,51893.77575795477
2389,588,4176.037866241456,-4058.597595395956,155563.8870030188,51893.77575795477
2389,864,-4058.597595395956,4176.037866241456,155563.8870030188,51893.77575795477
2390,7,9042.469089401862,8444.473592633416,12686.657964365793,10057.86688213369
2390,289,13626.007424849138,9042.469089401862,12686.657964365793,11785.044826205596
2392,17,14243.432378191288,-863.9631689773731,867.3309414501487,4748.933383554689
2392,492,7397.873531863225,867.3309414501487,6911.705351818985,5058.969941710787
2395,866,-2585.9311402495173,19669.000184972734,3686.242854303459,6923.103966342224
2396,1006,24696.99813368603,0.0,8630.478256899009,11109.15879686168
2397,827,14680.46562138914,17889.089256540785,6517.935031925251,13029.163303285059
2399,28,12260.764276270202,3100.941269163165,6911.014526696365,7424.240024043244
2399,682,4252.460395431359,3100.941269163165,3945.9931004088,3766.464921667775
2400,286,0.0,0.0,11845.232965013918,3948.410988337973
2401,368,6728.29128176322,6911.014526696365,12260.764276270202,8633.356694909928
2402,253,-863.6177564160629,870.4396545019413,1729.22163505966,578.6811777151794
2404,1052,870.4396545019413,14680.46562138914,0.0,5183.635091963693
2404,1053,870.4396545019413,14680.46562138914,0.0,5183.635091963693
2417,165,13200.372796174528,14101.899581194395,3451.9667845947515,10251.413053987892
2417,328,3451.9667845947515,32586.739152855112,3100.3367971808725,13046.347578210245
2417,516,3451.9667845947515,32586.739152855112,3100.3367971808725,13046.347578210245
2418,945,-3457.579738716044,9067.079734395222,4835.775858344118,3481.7586180077656
2420,877,2593.1848040370337,8090.4257172903635,8675.900008711313,6453.1701766795695
2425,940,-1727.2355128321258,45263.38015294291,738.837468642719,14758.3273695845
2428,71,7169.728535117775,2105.634973747553,0.0,3091.7878362884426
2432,453,10218.598860663413,4268.263020111304,-2138.7945796333415,4116.0224337137915
2435,513,3724.151882907264,34046.97075579438,5101.657177412718,14290.926605371453
2442,396,12184.60080650128,6103.439958352897,6701.435455121345,8329.825406658507
2443,68,-2586.1901996704996,29522.757027752148,707.4049255634824,9214.657251215043
2449,220,-1648.3950957130512,-863.0132844337699,13821.33822827011,3769.9766160410963
2450,140,8608.02644041384,-2979.4424007222697,6530.369884132421,4052.984641274664
2450,482,8608.02644041384,-2979.4424007222697,6530.369884132421,4052.984641274664
2450,623,8608.02644041384,6530.369884132421,-2979.4424007222697,4052.984641274664
2452,310,2590.162444125568,-1174.0572958936898,2330.5849043008825,1248.896684177587
2455,625,35750.200095615444,1632.4197647524502,20724.753678617646,19369.124512995182
2456,562,-1527.327992973793,6478.730706216533,5156.750480941708,3369.3843980614824
2457,477,2655.8771839148517,9981.386784183569,15975.330960601104,9537.531642899841
2457,724,15975.330960601104,2655.8771839148517,14826.747841104048,11152.651995206668
2458,169,3452.7439628577,21257.03443559681,11674.944572287943,12128.240990247485
2461,441,-2248.635774130015,794.4488910136765,3737.018500816072,760.9438725665779
2461,452,17098.267197420868,-2248.635774130015,794.4488910136765,5214.69343810151
2461,691,3737.018500816072,-2248.635774130015,794.4488910136765,760.9438725665779
2461,871,3737.018500816072,-2248.635774130015,794.4488910136765,760.9438725665779
2461,1042,-2248.635774130015,794.4488910136765,17098.267197420868,5214.69343810151
2462,185,9042.469089401862,16847.84309047091,8444.473592633416,11444.928590835398
2464,934,4662.896871408316,-10104.008243448725,16847.84309047091,3802.2439061434998
2467,40,20728.12145109042,-866.1219974855626,9557.220158894528,9806.406537499795
2468,187,10888.440170184404,-866.1219974855626,65256.72273298601,25093.013635228283
2476,442,22598.703176866322,13626.007424849138,17756.9689518396,17993.893184518354
2480,111,3201.974443346427,11653.010874644739,-1730.3442258839186,4374.880364035749
2480,270,3201.974443346427,11653.010874644739,-1730.3442258839186,4374.880364035749
2480,1023,3201.974443346427,11653.010874644739,-1730.3442258839186,4374.880364035749
2481,88,31027.546851100447,65256.72273298601,4564.108878873572,33616.126154320016
2481,673,31027.546851100447,65256.72273298601,4564.108878873572,33616.126154320016
2484,386,7786.808075898616,13924.012112119593,0.0,7236.9400626727365
2485,246,-646.0941959309051,-2751.2110508364926,45404.30847795751,14002.334410396703
2491,521,22512.26368339842,13713.310449720315,8448.618543369139,14891.39755882929
2505,802,4820.664058786793,6809.981352513104,11011.579748291522,7547.408386530474
2508,43,-3043.430077705001,10386.555718600544,1923.5162007967003,3088.8806138974146
2508,804,-3043.430077705001,10386.555718600544,1923.5162007967003,3088.8806138974146
2509,813,-1726.8901002708155,8448.618543369139,13553.988905815942,6758.572449638089
2512,4,760.2530474439574,-3451.0169000511487,15539.420308227513,4282.885485206773
2512,110,760.2530474439574,-3451.0169000511487,15539.420308227513,4282.885485206773
2512,644,22039.393886964626,760.2530474439574,-1993.7213038830178,6935.308543508523
2512,872,760.2530474439574,-1993.7213038830178,-3451.0169000511487,-1561.495052163403
2514,698,866.3810569065453,3219.935896534562,10902.170319496487,4996.162424312531
2519,878,536223.9867790815,512629.8909536593,139020.61143848326,395958.16305707465
2519,916,702068.1287849577,495655.9722783101,512629.8909536593,570117.9973389757
2520,266,94118.87823723222,574221.6137048623,69386.47531601189,245908.9890860355
2520,359,574221.6137048623,162902.78134003826,94118.87823723222,277081.09109404427
2520,839,94118.87823723222,574221.6137048623,107076.51235594593,258472.33476601346
2521,555,466108.3455461436,69386.47531601189,162902.78134003826,232799.2007340646
2522,910,593238.3022678007,461989.3007525184,220191.6998149991,425139.7676117727
2522,1046,220191.6998149991,461989.3007525184,593238.3022678007,425139.76761177275
2523,313,400001.90791233437,116569.14036587544,32818.683687774974,183129.91065532828
2524,491,495655.9722783101,172072.62131142334,400001.90791233437,355910.16716735595
2524,607,495655.9722783101,400001.90791233437,702068.1287849577,532575.3363252007
2524,815,495655.9722783101,702068.1287849577,400001.90791233437,532575.3363252007
2525,371,23194.88525768789,702068.1287849577,702068.1287849577,475777.0476092011
2528,796,172072.62131142334,161491.42561452443,495655.9722783101,276406.673068086
2529,749,534516.2670759634,359170.3436272832,32818.683687774974,308835.0981303405
2532,982,220191.6998149991,195590.72637335732,461989.3007525184,292590.57564695826
2533,794,110544.7998840626,466108.3455461436,119619.39234166632,232090.8459239575
2533,795,110544.7998840626,119619.39234166632,466108.3455461436,232090.8459239575
2535,886,139020.61143848326,536223.9867790815,592362.7677780194,422535.7886651947
2537,364,1094981.9982329241,14685.560456668465,600987.6330807973,570218.3972567966
2537,642,600987.6330807973,1094981.9982329241,14685.560456668465,570218.3972567966
2537,986,600987.6330807973,14685.560456668465,1094981.9982329241,570218.3972567966
2538,722,605335.5136962904,14685.560456668465,71678.89213228799,230566.65542841563
2540,347,130406.71298452713,14826.747841104048,74250.92041694476,73161.46041419198
2541,186,33678.24284659564,10051.50553412956,140756.13685278682,61495.29507783734
2541,688,10051.50553412956,1552.6294630897721,140756.13685278682,50786.757283335384
2541,705,10051.50553412956,1552.6294630897721,140756.13685278682,50786.757283335384
2541,865,10051.50553412956,140756.13685278682,3953.2467641963162,51586.9630503709
2542,398,933398.0020519685,664943.3594016079,437019.5130485376,678453.624834038
2542,400,933398.0020519685,664943.3594016079,437019.5130485376,678453.624834038
2542,723,933398.0020519685,437019.5130485376,664943.3594016079,678453.624834038
2542,789,933398.0020519685,437019.5130485376,664943.3594016079,678453.624834038
2542,881,664943.3594016079,933398.0020519685,437019.5130485376,678453.624834038
2542,906,933398.0020519685,602714.523181068,664943.3594016079,733685.2948782147
2542,917,664943.3594016079,933398.0020519685,525861.6099397728,708067.6571311164
2542,927,933398.0020519685,437019.5130485376,664943.3594016079,678453.624834038
2542,1011,664943.3594016079,933398.0020519685,602714.523181068,733685.294878215
2542,1043,933398.0020519685,437019.5130485376,664943.3594016079,678453.624834038
2544,734,525861.6099397728,602714.523181068,266817.2144034692,465131.11584143667
2544,747,509472.12931816065,602714.523181068,130380.97974870953,414189.21074931277
2544,779,130380.97974870953,602714.523181068,509472.12931816065,414189.21074931277
2545,303,113075.63772078312,1552.6294630897721,33678.24284659564,49435.503343489516
2546,18,1552.6294630897721,10051.50553412956,113075.63772078312,41559.92423933415
2547,912,70132.56644844213,509472.12931816065,82892.79728836702,220832.49768498994
2549,569,91524.39813609028,61463.05657211504,95840.06903024143,82942.50791281559
2551,299,110523.55701154203,120775.91995007353,605335.5136962904,278878.33021930204
2553,24,44597.597441017315,509472.12931816065,92888.17328128364,215652.63334682057
2555,972,140041.30555715517,139907.28548336678,79436.94461245752,119795.17855099317
2556,572,676115.2105783473,539736.6598213266,57985.70196426399,424612.52412131266
2556,573,539736.6598213266,676115.2105783473,57985.70196426399,424612.52412131266
2556,826,93271.0631054961,1432.339538613462,539736.6598213266,211480.02082181207
2561,92,27435.94703859601,45761.55141949268,94916.60854757835,56038.03566855568
2562,445,102761.61864005774,59594.02920286505,114848.29498542755,92401.31427611678
2562,687,102761.61864005774,59594.02920286505,114848.29498542755,92401.31427611678
2563,799,140041.30555715517,79436.94461245752,131255.0462351052,116911.09880157263
2563,932,140041.30555715517,79436.94461245752,131255.0462351052,116911.09880157263
2564,494,155155.86841497105,12349.103538825308,31767.938676269063,66424.30354335513
2565,191,50536.793726467164,53533.59310839528,14681.415505932742,39583.93411359839
2568,346,63894.93371002018,40098.94424251205,87292.66249433754,63762.18014895659
2569,564,13896.810872916407,69079.74896156834,14681.415505932742,32552.65844680583
2569,628,13896.810872916407,69079.74896156834,14681.415505932742,32552.65844680583
2570,600,183936.33384846736,7058.332984095206,155155.86841497105,115383.51174917787
2570,798,183936.33384846736,7058.332984095206,155155.86841497105,115383.51174917787
2571,195,29703.753209878745,40588.566548169394,41168.34153232871,37153.55376345895
2573,1004,25493.0013812256,46754.6988864001,106830.40590601235,59692.70205787936
2575,153,224501.49869560794,45765.43731080743,71672.24294048274,113979.7263156327
2575,619,224501.49869560794,45765.43731080743,71672.24294048274,113979.7263156327
2584,379,1293.6563952473791,13108.665761146645,219323.85075470697,77908.72430370034
2585,778,87214.94466804272,195642.10649185226,215879.39669332074,166245.48261773857
2585,869,60664.11731780435,87214.94466804272,215879.39669332074,121252.8195597226
2585,1003,60664.11731780435,87214.94466804272,215879.39669332074,121252.8195597226
2591,372,46754.6988864001,34211.041722416776,106830.40590601235,62598.71550494308
2599,675,4254.273811378237,83958.91315885124,45762.58765717661,44658.5915424687
2603,896,48356.03152063463,47416.50935387062,8141.80583578527,34638.11557009684
2605,870,32331.651976327463,34415.52595871247,44043.5556926756,36930.24454257184
2606,283,78157.19107280286,82890.72481299915,34538.23377111795,65195.38321897332
2608,592,56991.95002537427,72354.08733650928,66442.52405596424,65262.85380594927
2611,825,15025.014651296158,20724.753678617646,240067.2567116354,91939.00834718306
2611,915,15025.014651296158,20724.753678617646,240067.2567116354,91939.00834718306
2615,113,34539.18365566155,149367.44471253312,49225.08952489133,77710.57263102867
2615,783,49225.08952489133,149367.44471253312,34539.18365566155,77710.57263102867
2617,460,44908.123333635274,82024.3437560926,78570.3908492703,68500.95264633272
2631,102,40588.566548169394,91497.71501572905,12465.42121884655,48183.90092758166
2631,790,91497.71501572905,12465.42121884655,40588.566548169394,48183.90092758166
2639,133,33684.20121327825,67362.35770673356,81178.4283934437,60741.6624378185
2639,378,33684.20121327825,67362.35770673356,113116.74181557907,71387.76691186363
2639,471,33684.20121327825,81178.4283934437,28162.349655031558,47674.99308725117
2639,741,33684.20121327825,67362.35770673356,81178.4283934437,60741.6624378185
2639,1027,33684.20121327825,67362.35770673356,81178.4283934437,60741.6624378185
2644,183,421093.83514362475,100171.02443023054,101034.72853978693,207433.19603788073
2644,781,3737.018500816072,421093.83514362475,100171.02443023054,175000.62602489046
2644,788,3737.018500816072,421093.83514362475,100171.02443023054,175000.62602489046
2645,53,49225.08952489133,149367.44471253312,61159.26622444265,86583.93348728902
2652,250,5484.287942204195,1726.8901002708155,2527.9018299493873,3246.359957474799
2652,280,2527.9018299493873,5484.287942204195,13144.675020663242,7052.288264272275
2653,287,12528.113598724369,21586.90343164814,4835.775858344118,12983.597629572208
2654,837,4176.037866241456,3469.3237658005946,155563.8870030188,54403.08287835362
2661,222,11220.727054164905,14122.192569171375,11845.232965013918,12396.0508627834
2661,321,14122.192569171375,11220.727054164905,11845.232965013918,12396.0508627834
2661,740,14122.192569171375,11220.727054164905,11845.232965013918,12396.0508627834
2661,854,11845.232965013918,14122.192569171375,11220.727054164905,12396.050862783399
2662,275,25039.8201007865,-14783.225858378952,16925.215504204414,9060.603248870653
2662,1031,25039.8201007865,-862.7542250127872,-14783.225858378952,3131.280005798253
2665,182,870.4396545019413,0.0,1943.46377621237,937.9678102381037
2672,56,2149.15695647265,-1727.0628065514707,6905.4879257154,2442.5273585455266
2679,969,15548.228328540925,-859.3000993996843,4146.677798530081,6278.5353425571075
2681,353,5930.0428525751295,25385.059955816134,20260.087430514974,17191.730079635414
2706,633,738.837468642719,-718.1127149641015,695.6608984789325,238.79521738585
2712,223,8637.300154984887,17496.52788061164,9380.541633784314,11838.123223126946
2716,743,12184.60080650128,6103.439958352897,12567.92239641538,10285.32105375652
2718,641,6103.439958352897,5180.670300812447,864.4812878193387,4049.530515661561
2730,459,6478.730706216533,5156.750480941708,6540.732260971729,6058.737816043323
2744,634,1552.6294630897721,10051.50553412956,16340.604744186741,9314.913247135357
2747,1010,9981.386784183569,3953.2467641963162,29812.04004784952,14582.224532076469
2755,294,10051.50553412956,3953.2467641963162,1552.6294630897721,5185.793920471882
2757,949,861.977046749839,18366.276709990958,14899.28447897921,11375.846078573335
2802,957,534516.2670759634,172072.62131142334,101893.07875464302,269493.98904734326
2805,852,592362.7677780194,204662.90094303188,71678.89213228799,289568.1869511131
2805,875,71678.89213228799,530243.2546331341,204662.90094303188,268861.68256948463
2807,523,204662.90094303188,592362.7677780194,530243.2546331341,442422.97445139516
2807,977,530243.2546331341,204662.90094303188,592362.7677780194,442422.97445139516
2809,481,369591.4406020147,1127309.1598459545,-3177.881917195034,497907.57284359145
2809,726,369591.4406020147,530243.2546331341,204662.90094303188,368165.86539272685
2814,725,114842.07755932397,35466.270970218386,172081.77474429805,107463.37442461347
2815,559,159770.75294035723,1432.339538613462,266817.2144034692,142673.43562747995
2818,606,266817.2144034692,525861.6099397728,130380.97974870953,307686.6013639839
2822,213,93112.17332729336,20287.28866971816,136441.41584317927,83280.29261339693
2828,298,359170.3436272832,156295.55716101432,534516.2670759634,349994.05595475365
2835,30,20387.37195935782,20488.31878040075,45762.58765717661,28879.426132311728
2835,980,20387.37195935782,20488.31878040075,45762.58765717661,28879.426132311728
2840,831,-8631.687200863596,102766.02265021445,30217.381688547153,41450.57237929933
2846,204,1293.6563952473791,120978.67712356265,60664.11731780435,60978.81694553813
2850,515,46586.13755648068,81178.4283934437,28162.349655031558,51975.63853498531
2854,243,87214.94466804272,60664.11731780435,195642.10649185226,114507.0561592331
2854,436,87214.94466804272,60664.11731780435,195642.10649185226,114507.0561592331
2857,636,77308.16699710216,195642.10649185226,87214.94466804272,120055.07271899904
2870,1040,40585.02606941596,161986.74722744338,31015.63011773524,77862.46780486486
2873,93,13410.297280310859,15933.190628121249,42937.54467136004,24093.67752659738
2880,318,50948.69820582969,11903.4349815947,153699.95446904813,72184.02921882417
2880,324,50948.69820582969,11903.4349815947,153699.95446904813,72184.02921882417
2883,263,48356.03152063463,-8636.263917300957,8141.80583578527,15953.857813039647
2885,582,22442.83575857505,2594.566454282274,70409.24191005166,31815.54804096966
2885,593,22442.83575857505,2594.566454282274,70409.24191005166,31815.54804096966
2887,1039,102761.61864005774,114848.29498542755,107978.2982003868,108529.40394195735
2956,206,-7557.281428907925,-3075.8988584681692,693.933835672381,-3313.0821505679046
2966,868,6586.1540127840335,8675.900008711313,114504.2640743625,43255.43936528595
2995,811,-4058.597595395956,10106.771543939207,4176.037866241456,3408.0706049282358
3026,984,11674.944572287943,3452.7439628577,-787.0225209455051,4780.2220047333785
3027,909,6065.96269545073,9498.845436033089,-787.0225209455051,4925.928536846105
3047,876,8631.859907144251,-3384.352275718262,658.4426949977482,1968.6501088079124
3047,883,8631.859907144251,-3384.352275718262,658.4426949977482,1968.6501088079124
3047,1054,8631.859907144251,-3384.352275718262,658.4426949977482,1968.6501088079124
3095,520,933398.0020519685,437019.5130485376,43168.36661545565,471195.2939053206
3095,610,933398.0020519685,437019.5130485376,43168.36661545565,471195.2939053206
3095,639,933398.0020519685,437019.5130485376,43168.36661545565,471195.2939053206
3095,720,933398.0020519685,437019.5130485376,43168.36661545565,471195.2939053206
3095,911,933398.0020519685,437019.5130485376,43168.36661545565,471195.2939053206
3095,931,933398.0020519685,437019.5130485376,43168.36661545565,471195.2939053206
3095,976,933398.0020519685,437019.5130485376,43168.36661545565,471195.2939053206
3095,1009,933398.0020519685,437019.5130485376,43168.36661545565,471195.2939053206
3109,384,177019.4473082287,58712.88175896248,44043.5556926756,93258.62825328892
3110,382,97588.72012187478,102820.3387754805,42937.54467136004,81115.53452290512
3189,735,24610.644993358455,44212.80784771765,13039.324189463603,27287.59234351324
3190,235,0.0,53538.94700309559,173051.69321645735,75530.21340651765
3190,309,173051.69321645735,53538.94700309559,0.0,75530.21340651765
3190,533,0.0,48616.818004423905,53538.94700309559,34051.92166917316
3190,730,0.0,48616.818004423905,53538.94700309559,34051.92166917316
3191,475,53970.71270473346,0.0,17270.628065514706,23747.11359008272
3193,770,67182.74317485222,12952.97104913603,51293.76535457868,43809.82652618898
3198,458,30309.952254978307,66664.62433288677,81344.65818857426,59439.744925479776
3198,553,30309.952254978307,66664.62433288677,81344.65818857426,59439.744925479776
3199,833,154226.7086250463,0.0,3022.3599114650733,52416.35617883713
3202,257,72018.51903319632,81085.59876759155,3713.1850340856618,52272.434278291184
3204,176,0.0,121585.22158122354,141619.15013722057,87734.7905728147
3205,76,63037.79243912867,59497.31368569816,0.0,40845.03537494227
3205,337,59497.31368569816,63037.79243912867,0.0,40845.03537494227
3207,230,74609.11324302354,173828.87147940553,130997.71387692905,126478.56619978603
3207,233,74609.11324302354,173828.87147940553,130997.71387692905,126478.56619978603
3209,194,48616.818004423905,41104.094795925004,33418.665306770956,41046.52603570662
3210,692,0.0,0.0,33418.665306770956,11139.555102256985
3210,1013,0.0,213810.37545107206,0.0,71270.12515035736
3212,143,100169.6427799853,65369.32722797317,140323.85303230697,101954.27434675516
3214,893,111050.13846125957,118131.0959681206,54920.59724833677,94700.61055923898
3216,942,79185.82968038492,237989.25474279263,43694.6890057522,120289.92447630991
3218,197,2849.6536308099267,0.0,33159.60588578824,12003.086505532721
3219,39,61656.1421938875,49393.99626737206,114417.91093403492,75156.01646509816
3221,810,46457.989496234564,6735.544945550736,99219.758236382,50804.43089272243
3224,316,25301.47011597905,53970.71270473346,129097.94478972243,69456.70920347831
3224,387,0.0,53970.71270473346,129097.94478972243,61022.8858314853
3225,676,27287.592343513235,50861.99965294081,79185.82968038492,52445.140558946325
3225,840,50861.99965294081,27287.592343513235,51552.8247755614,43234.13892400515
3226,25,50430.233951302944,130479.5950349636,57424.8383178364,79444.88910136765
3226,212,50430.233951302944,130479.5950349636,57424.8383178364,79444.88910136765
3226,470,52589.06245949228,57424.8383178364,130479.5950349636,80164.49860409742
3232,215,100687.76162195073,123657.69694908531,47407.87403983787,90584.44420362463
3232,390,145850.4540132717,158285.30622044226,47407.87403983787,117181.21142451727
3233,200,102932.94327046764,44817.27983001067,80481.12678529853,76077.1166285923
3233,209,39290.67884904596,19688.515994686764,80481.12678529853,46486.77387634376
3233,685,50861.99965294081,102932.94327046764,80481.12678529853,78092.02323623566
3233,777,80481.12678529853,102932.94327046764,50861.99965294081,78092.02323623566
3235,99,305344.7041983,257073.2987551864,112949.90754846619,225122.6368339842
3235,260,283670.0659760791,449640.80168567534,112949.90754846619,282086.9250700735
3235,290,449640.80168567534,283670.0659760791,112949.90754846619,282086.9250700735
3235,612,449640.80168567534,112949.90754846619,302235.9911465074,288275.56679354963
3237,307,72363.93159450663,54575.18468702647,44471.86726870037,57136.99451674449
3238,853,18911.337731738604,39031.61942806323,18393.21888977316,25445.392016525002
3239,560,0.0,26424.060940237505,68478.0402797658,31634.0337400011
3239,1057,68478.0402797658,26424.060940237505,0.0,31634.0337400011
3240,311,0.0,198180.45705178124,78667.71083841949,92282.72263006691
3241,666,62433.320456835674,50775.64651261323,1813.4159468790442,38340.79430544265
3243,1002,122103.34042318897,18306.86574944559,20724.753678617646,53711.65328375073
3244,706,70982.28134926545,33332.312166443386,75127.23208498897,59813.941866899266
3246,834,3022.3599114650733,112518.14184682831,102501.17756882978,72680.55977570772
3249,401,138424.0839451004,31691.602500219487,66146.50549092134,78754.06397874707
3253,38,35922.906376270585,16148.03724125625,31259.83679858162,27776.926805369483
3257,809,45162.69239132096,149390.93276670223,85921.37462593566,93491.66659465297
3259,526,79185.82968038492,237989.25474279263,112086.37614519046,143087.15352278933
3259,806,112086.37614519046,237989.25474279263,79185.82968038492,143087.15352278933
3267,680,0.0,88252.90941478015,31691.602500219487,39981.50397166654
3267,792,0.0,31691.602500219487,30396.305395305884,20695.96929850846
3269,229,0.0,82294.54273217758,125471.11289596434,69255.21854271398
3269,780,82294.54273217758,0.0,125471.11289596434,69255.21854271398
3269,937,0.0,82294.54273217758,125471.11289596434,69255.21854271398
3272,756,63642.26442142169,65887.44606993861,29705.480272685294,53078.39692134853
3273,514,4663.069577688972,8376.254611774633,48875.87742540662,20638.400538290076
3274,365,103623.76839308823,80394.77364497096,100169.6427799853,94729.39493934817
3276,851,63469.558140766545,34282.19671004669,0.0,32583.918283604417
3277,614,52157.29675785441,208456.4807507625,9153.432874722796,89922.40346111324
3280,11,114158.85151305223,279266.0558193728,513455.77238775225,302293.5599067258
3280,561,114158.85151305223,513455.77238775225,12866.617908808455,213493.74726987095
3280,603,114158.85151305223,279266.0558193728,39808.7976910114,144411.23500781215
3282,305,44471.86726870037,3022.3599114650733,102501.17756882978,49998.46824966507
3285,107,449640.80168567534,440746.4282319353,302235.9911465074,397541.0736880393
3285,683,273912.1611190632,283670.0659760791,449640.80168567534,335741.0095936058
3286,126,79963.0079433331,41881.27305887316,48185.05230278603,56676.44443499743
3286,271,41881.27305887316,79963.0079433331,78322.29827710919,66722.19309310515
3297,728,39031.61942806323,49739.40882868235,0.0,29590.34275224853
3301,95,0.0,100255.99592031287,12089.439645860293,37448.478522057725
3301,479,100255.99592031287,0.0,12089.439645860293,37448.478522057725
3301,519,100255.99592031287,0.0,12089.439645860293,37448.478522057725
3301,845,0.0,100255.99592031287,12089.439645860293,37448.478522057725
3301,1024,0.0,100255.99592031287,12089.439645860293,37448.478522057725
3301,1047,100255.99592031287,0.0,12089.439645860293,37448.478522057725
3303,718,33677.72472775367,82208.18959185001,51898.23733687169,55928.05055215845
3304,125,170720.15842761286,85230.54950331508,60360.845088973896,105437.18433996727
3304,268,60360.845088973896,85230.54950331508,47494.22718016545,64361.87392415147
3304,336,85230.54950331508,170720.15842761286,60360.845088973896,105437.18433996727
3307,679,5612.9541212922795,39031.61942806323,48875.87742540662,31173.483658254045
3308,901,74090.9944010581,8203.548331119486,50430.233951302944,44241.59222782685
3308,1026,74090.9944010581,8203.548331119486,50430.233951302944,44241.59222782685
3309,995,16579.80294289412,127802.64768480884,86094.08090659083,76825.51051143126
3310,449,167006.9733935272,77631.47315448862,59929.07938733603,101522.50864511728
3310,776,167006.9733935272,77631.47315448862,59929.07938733603,101522.50864511728
3313,179,37131.85034085662,161394.01927223496,80481.12678529853,93002.3321327967
3313,304,37131.85034085662,161394.01927223496,80481.12678529853,93002.3321327967
3314,241,0.0,77545.12001416103,134020.07378839413,70521.73126751838
3314,247,134020.07378839413,176333.11254890516,0.0,103451.0621124331
3314,399,134020.07378839413,0.0,176333.11254890516,103451.0621124331
3319,329,164070.9666223897,39290.67884904596,24869.704414341177,76077.1166285923
3319,697,24869.704414341177,53884.35956440589,164070.9666223897,80941.6768670456
3320,67,113813.43895174192,66664.62433288677,36441.02521823603,72306.36283428823
3330,710,22192.757064186393,23228.994748117282,14075.561873394485,19832.43789523272
3332,190,867417.2945904761,366396.3744098945,257677.77073747944,497163.81324595003
3332,192,366396.3744098945,257677.77073747944,867417.2945904761,497163.81324595
3332,201,327882.87382379675,82985.36785479817,867417.2945904761,426095.178756357
3332,376,366396.3744098945,257677.77073747944,867417.2945904761,497163.81324595
3333,145,0.0,89720.91280034892,193431.0343337647,94383.98237803788
3333,941,0.0,89720.91280034892,151463.40813456397,80394.77364497096
3334,10,212256.0189251757,508274.5839680978,214846.61313500293,311792.4053427588
3334,258,212256.0189251757,0.0,214846.61313500293,142367.54402005955
3334,326,82985.36785479817,214846.61313500293,508274.5839680978,268702.18831929966
3334,774,82985.36785479817,214846.61313500293,508274.5839680978,268702.18831929966
3335,19,229958.4126923283,257073.2987551864,366396.3744098945,284476.0286191364
3335,640,366396.3744098945,0.0,229958.4126923283,198784.92903407427
3335,684,229958.4126923283,0.0,366396.3744098945,198784.92903407427
3335,843,366396.3744098945,229958.4126923283,257073.2987551864,284476.02861913637
3338,351,35836.55323594302,0.0,157680.83423814928,64505.79582469744
3339,106,148009.28252146102,62174.26103585295,77027.0011721956,95736.84824316985
3353,829,168906.74248073384,216832.73536253712,119771.80563434448,168503.76115920514
3355,954,32900.54646480551,0.0,41449.50735723529,24783.351274013603
3356,700,0.0,19688.515994686764,48271.4054431136,22653.307145933457
3357,27,53193.5344417853,42485.74504116618,0.0,31893.093160983826
3358,669,43349.27644444191,0.0,36009.25951659816,26452.84532034669
3358,846,43349.27644444191,0.0,36009.25951659816,26452.84532034669
3360,163,45335.39867197611,48789.524285079046,96629.16402655478,63584.69566120332
3361,239,273912.1611190632,283670.0659760791,257073.2987551864,271551.8419501095
3361,261,257073.2987551864,283670.0659760791,305344.7041983,282029.3563098552
3361,388,257073.2987551864,283670.0659760791,229958.4126923283,256900.59247453127
3361,568,273912.1611190632,283670.0659760791,360178.94830630923,305920.39180048386
3369,54,11053.201961929413,23401.701028772426,122880.51868613713,52445.140558946325
3369,440,11053.201961929413,23401.701028772426,122880.51868613713,52445.140558946325
3369,1008,23401.701028772426,122880.51868613713,11053.201961929413,52445.140558946325
3370,488,243947.62142539525,141619.15013722057,176333.11254890516,187299.961370507
3383,47,0.0,40326.91653297684,45076.339250993384,28467.751927990073
3383,75,0.0,45076.339250993384,15975.330960601104,20350.556737198163
3383,154,120894.39645860295,45076.339250993384,0.0,55323.57856986544
3386,648,40758.6822346147,0.0,58547.42914209486,33102.037125569856
3388,567,0.0,32123.368201857356,154744.82746701178,62289.39855628971
3388,629,0.0,32123.368201857356,154744.82746701178,62289.39855628971
3391,81,40499.62281363199,0.0,41708.566778218024,27402.729863950004
3393,198,102932.94327046764,44817.27983001067,50861.99965294081,66204.07425113971
3393,807,44817.27983001067,50861.99965294081,58029.310300129415,51236.19659436029
3397,155,117440.27084550001,83762.54611774631,42140.33247985588,81114.38314770073
3399,529,94297.6292377103,23919.81987073787,11916.733365205146,43378.0608245511
3405,254,20811.106818945223,6908.251226205883,30828.07109694375,19515.80971403162
3406,637,118131.0959681206,54920.59724833677,29964.539693668015,67672.07763670846
3407,721,26424.060940237505,160616.84100928679,51380.11849490625,79473.67348147686
3410,116,110100.25391765624,232462.65376182797,257073.2987551864,199878.73547822353
3410,312,110100.25391765624,232462.65376182797,257073.2987551864,199878.73547822353
3410,490,212256.0189251757,127025.46942186067,232462.65376182797,190581.3807029548
3410,733,110100.25391765624,232462.65376182797,229958.4126923283,190840.44012393753
3411,1014,210356.2498379691,85144.1963629875,395929.1484019247,230476.53153429375
3415,822,107509.65970782905,129097.94478972243,28496.536308099265,88368.04693521692
3420,731,28496.536308099265,96024.69204426177,157162.71539618383,93894.64791618164
3422,385,315448.0216166262,303963.05395305884,115367.79547763822,244926.2903491078
3422,577,160012.36902699375,40672.32909428713,115367.79547763822,105350.83119963971
3423,1021,122448.75298449927,104228.24037538125,48185.05230278603,91620.68188755552
3435,63,145764.1008729441,35836.55323594302,72882.05043647205,84827.5681817864
3437,51,21415.578801238236,88511.96883576288,72277.57845417903,60735.04203039338
3440,354,54488.83154669889,143691.62550508234,88339.26255510774,95506.57320229632
3441,587,78495.00455776433,25992.295238599632,66578.2711925592,57021.856996307724
3442,296,67269.09631517978,68478.0402797658,39722.444550683824,58489.86038187647
3443,624,82208.18959185001,23228.994748117282,42226.68562018346,49221.28998671691
3446,82,93002.33213279668,34109.490429391546,37390.90976183934,54834.24410800919
3447,819,76595.23547055772,163121.08207878642,66578.2711925592,102098.19624730112
3448,755,41622.21363789045,65542.03350862832,87821.14371314227,64995.13028655368
3450,849,49653.05568835478,2158.828508189338,25215.116975651472,25675.667057398532
3464,121,43867.39528640735,16148.03724125625,24869.704414341177,28295.04564733493
3465,716,51380.11849490625,44730.92668968309,61656.1421938875,52589.06245949228
3465,773,44730.92668968309,51380.11849490625,61656.1421938875,52589.06245949228
3467,393,33159.60588578824,162171.1975351831,248697.0441434118,148009.28252146105
3469,701,43003.86388313162,68478.0402797658,327278.4018415037,146253.43533480036
3473,370,281424.8843275622,0.0,107509.65970782905,129644.84801179708
3473,525,0.0,334013.9467870544,107509.65970782905,147174.53549829448
3473,527,0.0,334013.9467870544,107509.65970782905,147174.53549829448
3473,943,0.0,107509.65970782905,334013.9467870544,147174.53549829448
3474,880,215019.3194156581,61051.670211594486,99996.93649933016,125355.97537552757
3478,812,2245.1816485169115,0.0,43521.98272509706,15255.721457871325
3479,524,0.0,130997.71387692905,85835.02148560809,72277.57845417905
3489,926,28151.12374678897,87907.49685346986,14593.680715359926,43550.76710520625
3492,594,113813.43895174192,66664.62433288677,135919.84287560073,105465.96872007647
3493,168,395929.1484019247,380558.2894236166,3281.419332447794,259922.95238599635
3494,696,0.0,19774.86913501434,24437.93871270331,14737.602615905884
3503,90,56561.306914560664,97233.63600884781,57683.89773881911,70492.9468874092
3508,26,315448.0216166262,273912.1611190632,360178.94830630923,316513.04368066625
3508,224,360178.94830630923,257677.77073747944,273912.1611190632,297256.2933876173
3508,394,315448.0216166262,303963.05395305884,360178.94830630923,326530.0079586648
3508,532,273912.1611190632,360178.94830630923,315448.0216166262,316513.0436806662
3508,662,360178.94830630923,315448.0216166262,273912.1611190632,316513.0436806662
3508,663,360178.94830630923,273912.1611190632,315448.0216166262,316513.0436806662
3508,962,360178.94830630923,315448.0216166262,273912.1611190632,316513.0436806662
3513,363,0.0,24178.879291720586,51898.23733687169,25359.038876197428
3526,57,78840.41711907464,114504.2640743625,130047.82933332575,107797.50350892096
3526,308,130047.82933332575,78840.41711907464,114504.2640743625,107797.50350892097
3526,604,78840.41711907464,114504.2640743625,130047.82933332575,107797.50350892096
3527,221,82121.83645152244,51207.412214251104,132033.95156085992,88454.40007554449
3533,228,66578.2711925592,15284.505837980516,62606.02673749081,48156.26792267684
3539,511,67959.92143780037,72709.34415581691,83330.78041610846,74666.68200324192
3550,990,86266.78718724597,113813.43895174192,0.0,66693.40871299595
3552,202,513455.77238775225,8289.90147144706,112086.37614519046,211277.3500014633
3552,748,513455.77238775225,8289.90147144706,112604.49498715588,211450.0562821184
3552,1030,513455.77238775225,8289.90147144706,112604.49498715588,211450.0562821184
3553,366,37563.61604249448,120980.74959893052,57165.77889685368,71903.38151275956
3561,2,117440.27084550001,169770.27388400957,122535.10612482684,136581.88361811213
3565,9,257073.2987551864,229958.4126923283,305344.7041983,264125.4718819382
3567,784,315448.0216166262,303963.05395305884,440746.4282319353,353385.8346005401
3569,100,32814.19332447794,44989.986110665806,50430.233951302944,42744.804462148895
3573,708,64333.08954404228,1813.4159468790442,60792.61079061177,42313.03876051103
3573,828,64333.08954404228,60792.61079061177,50775.64651261323,58633.78228242242
3574,73,147836.57624080588,0.0,49739.40882868235,65858.66168982942
3576,141,113295.32010977647,100255.99592031287,0.0,71183.77201002977
3576,340,100255.99592031287,0.0,113295.32010977647,71183.77201002977
3578,609,100860.46790260589,110445.66647896654,83848.8992580739,98385.01121321543
3590,42,250165.04752898053,146282.21971490956,111568.25730322501,169338.5081823717
3590,586,35232.08125365,111568.25730322501,146282.21971490956,97694.18609059486
3590,736,146282.21971490956,250165.04752898053,111568.25730322501,169338.5081823717
3597,114,44299.16098804522,80740.18620628124,46285.28321557942,57108.21013663529
3597,240,80740.18620628124,0.0,44299.16098804522,41679.78239810882
3597,338,80740.18620628124,44299.16098804522,0.0,41679.78239810882
3597,643,44299.16098804522,46285.28321557942,80740.18620628124,57108.210136635294
3600,322,12866.617908808455,513455.77238775225,1295.2971049136029,175872.5624671581
3600,978,12866.617908808455,513455.77238775225,1295.2971049136029,175872.5624671581
3602,292,110100.25391765624,127025.46942186067,3713.1850340856618,80279.63612453418
3611,531,87216.67173084927,41708.566778218024,50602.9402319581,59842.72624700846
3613,557,95247.5137813136,37822.67546347721,76681.5886108853,69917.25928522537
3619,208,162171.1975351831,327278.4018415037,248697.0441434118,246048.88117336622
3627,8,386171.2435449088,98097.16741212353,237125.7233395169,240464.71143218307
3629,551,51984.590477199265,26855.826641875366,93779.51039574486,57539.97583827316
3643,150,334013.9467870544,0.0,71500.40019123089,135171.44899276175
3645,1060,94211.27609738272,65455.68036830074,52589.06245949228,70752.00630839191
3653,766,12607.558487825736,16407.09666223897,4144.95073572353,11053.201961929413
3659,585,43176.57016378677,17443.334346169853,53970.71270473346,38196.87240489669
3661,227,74781.81952367869,42053.97933952831,79790.30166267794,65542.03350862832
3664,173,30223.599114650737,5267.541559981985,11484.967663567282,15658.7027794
3668,530,39117.97256839081,16493.449802566545,70464.1625073,42025.19495941912
3670,98,40499.62281363199,26855.826641875366,125557.46603629191,64304.30516393309
3679,842,44471.86726870037,53711.65328375073,102501.17756882978,66894.89937376029
3680,702,74695.46638335111,208456.4807507625,60101.78566799118,114417.91093403492
3684,55,38599.85372642536,83330.78041610846,90843.50362460736,70924.71258904705
3685,558,0.0,22279.11020451397,143691.62550508234,55323.578569865436
3688,44,31864.30878087463,24265.232432048164,16925.215504204414,24351.585572375738
3689,472,104228.24037538125,170720.15842761286,60360.845088973896,111769.74796398933
3689,772,55611.422370957356,86698.55288888382,60360.845088973896,67556.9401162717
3706,862,163121.08207878642,37390.90976183934,76595.23547055772,92369.07577039448
3711,493,73486.52241876507,23574.407309427574,59065.5479840603,52042.159237417654
3712,181,11484.967663567282,10880.495681274266,2763.3004904823533,8376.254611774633
3743,847,88166.55627445258,117440.27084550001,7426.3700681713235,71011.06572937463
3753,177,0.0,83589.83983709117,84280.66495971176,55956.834932267644
3757,1029,51725.531056216554,57856.60401947427,37477.262902166905,49019.799325952576
3759,768,36613.73149889118,7599.076348826471,11571.320803894854,18594.709550537504
3762,480,43349.27644444191,11657.673944222428,28841.948869409556,27949.633086024627
3790,563,53884.35956440589,24869.704414341177,36268.31893758089,38340.79430544265
3801,1025,61051.670211594486,77545.12001416103,215019.3194156581,117872.03654713788
3807,196,513455.77238775225,12866.617908808455,112086.37614519046,212802.92214725039
3814,282,58115.66344045699,77027.0011721956,0.0,45047.554870884196
3814,333,0.0,0.0,58115.66344045699,19371.887813485664
3814,758,58115.66344045699,0.0,0.0,19371.887813485664
3828,291,0.0,61656.1421938875,44730.92668968309,35462.356294523524
3829,899,81776.42389021214,44644.57354935552,96629.16402655478,74350.0538220408
3859,189,19515.809714031617,110445.66647896654,34109.490429391546,54690.32220746323
3885,709,22797.229046479413,105264.47805931214,58633.782282422435,62231.82979607133
3905,661,0.0,12693.911628153308,26078.648378927206,12924.186669026838
3951,210,67010.03689419707,95765.63262327905,73486.52241876507,78754.06397874706
3996,77,3281.419332447794,0.0,32382.427622840074,11887.948985095956
4097,325,27373.94548384081,18479.572030100735,20379.34111730735,22077.61954374963
