OBJECTID,IN_FID,Dist1_total_energy_output_kWh,Dist2_total_energy_output_kWh,Dist3_total_energy_output_kWh,Mean_SolarPV_Potential(kWh),Mean_SolarPV_Potential(MWH)
1,144,4143264.0,353145.2,2070968.0,4143264.0,4143.264
2,87,2570153.0,613135.3,3759156.0,2570153.0,2570.153
3,279,0.0,0.0,0.0,0.0,0.0
3,383,0.0,0.0,0.0,0.0,0.0
4,170,2568242.0,1734.501,225852.0,2568242.0,2568.242
5,694,151612.0,13626.05,2762789.0,151612.0,151.612
6,274,2328932.0,26885.29,113418.5,2328932.0,2328.932
7,369,31009.81,10139580.0,2325715.0,31009.81,31.00981
8,127,77036980.0,1085056.0,22575090.0,77036980.0,77036.98
8,664,1085056.0,1756256.0,77036980.0,1085056.0,1085.056
8,889,1085056.0,77036980.0,1756256.0,1085056.0,1085.056
8,890,77036980.0,1085056.0,22575090.0,77036980.0,77036.98
8,891,1085056.0,77036980.0,1756256.0,1085056.0,1085.056
9,178,120088.1,754070.4,8695473.0,120088.10000000002,120.08810000000003
10,104,17409.32,916860.1,434848.9,17409.32,17.40932
10,522,434848.9,13084510.0,1164804.0,434848.9000000001,434.84890000000007
11,342,22600.51,22600.51,33087.25,22600.51,22.60051
12,105,727723.4,16630490.0,977418.1,727723.4,727.7234
13,5,255202.4,2321.866,413.2414,255202.4,255.20239999999998
13,302,255202.4,413.2414,255202.4,255202.4,255.20239999999998
13,466,255202.4,413.2414,255202.4,255202.4,255.20239999999998
14,175,754070.4,9749516.0,2847380.0,754070.4,754.0704000000001
14,238,2847380.0,9749516.0,2037978.0,2847380.0,2847.38
15,79,476786.5,7726571.0,476786.5,476786.5,476.7865
15,167,476786.5,7726571.0,476786.5,476786.5,476.7865
15,495,476786.5,7726571.0,476786.5,476786.5,476.7865
17,355,1369524.0,57415.2,119250.0,1369524.0,1369.524
18,805,65925.23,34513.7,1076639.0,65925.23,65.92523
19,1007,343438.1,1306783.0,4959119.0,343438.1,343.43809999999996
20,52,2671831.0,145639.4,423631.7,2671831.0,2671.831
20,72,423631.7,2671831.0,145639.4,423631.7,423.6317
20,84,2671831.0,145639.4,423631.7,2671831.0,2671.831
21,331,1340892.0,2204444.0,2732766.0,1340892.0,1340.892
23,103,109188.8,2321.866,2321.866,109188.8,109.1888
24,343,2132521.0,37801.79,1091897.0,2132521.0,2132.521
24,584,2132521.0,1091897.0,37801.79,2132521.0,2132.521
24,887,2132521.0,1091897.0,37801.79,2132521.0,2132.521
25,70,214750.9,450801.4,2233109.0,214750.9,214.7509
25,356,214750.9,450801.4,2233109.0,214750.9,214.7509
28,327,53528.34,53528.34,61858.15,53528.34,53.52834
30,571,2328932.0,10227120.0,26885.29,2328932.0,2328.932
30,921,2328932.0,10227120.0,26885.29,2328932.0,2328.932
33,1005,521185.0,521185.0,476786.5,521185.0,521.185
34,989,521185.0,521185.0,476786.5,521185.0,521.185
35,510,14827110.0,916360.6,34513.7,14827110.0,14827.11
36,123,0.0,0.0,0.0,0.0,0.0
37,920,4089.012,2249675.0,8015.479,4089.012,4.089012
38,450,76617.02,37240.79,617318.3,76617.02,76.61702000000001
38,508,76617.02,37240.79,617318.3,76617.02,76.61702000000001
38,1051,76617.02,37240.79,437.3783,76617.02,76.61702000000001
40,375,1482.548,3686427.0,589521.5,1482.548,1.482548
40,922,6869.026,10139580.0,3686427.0,6869.026000000001,6.869026000000001
44,681,613135.3,13084510.0,4019685.0,613135.3,613.1353
45,971,161059.8,10203.19,19218760.0,161059.8,161.0598
46,158,1950778.0,239326.2,255202.4,1950778.0,1950.778
48,446,1756256.0,126442.5,1085056.0,1756256.0,1756.256
48,814,123965.5,121283.4,1756256.0,123965.5,123.9655
49,884,193525.1,474483.8,474483.8,193525.1,193.5251
50,37,1118090.0,8695473.0,408848.5,1118090.0,1118.09
50,117,1118090.0,8695473.0,408848.5,1118090.0,1118.09
52,576,246815.5,126442.5,1598824.0,246815.5,246.8155
55,574,11486100.0,545542.8,488421.8,11486100.0,11486.1
60,638,7920.777,12730350.0,1379756.0,7920.776999999999,7.920776999999999
63,464,0.0,0.0,124207.3,0.0,0.0
67,892,407680.5,13699360.0,25062160.0,407680.5,407.6805
68,838,15785.68,2074854.0,518601.1,15785.68,15.785680000000001
73,358,671.9371,5421343.0,6143856.0,671.9371,0.6719371
73,882,671.9371,6143856.0,5421343.0,671.9371,0.6719371
75,214,59612.24,385516.5,144544.2,59612.24,59.61224
75,848,59612.24,385516.5,144544.2,59612.24,59.61224
77,566,3712435.0,566282.4,1918680.0,3712435.0,3712.435
79,284,256988.3,99882.57,5574880.0,256988.29999999996,256.9883
81,45,8015.479,130456.8,130456.8,8015.479,8.015479000000001
81,306,130456.8,130456.8,8015.479,130456.8,130.45680000000002
81,632,8015.479,130456.8,130456.8,8015.479,8.015479000000001
81,791,8015.479,130456.8,130456.8,8015.479,8.015479000000001
82,451,205728.5,879286.3,10874780.0,205728.5,205.7285
86,712,16212030.0,16212030.0,1918680.0,16212030.0,16212.03
88,575,16630490.0,5873947.0,20811170.0,16630490.0,16630.49
89,360,0.0,0.0,0.0,0.0,0.0
90,357,19218760.0,589060.9,19218760.0,19218760.0,19218.76
91,216,7726571.0,7726571.0,250029.3,7726571.0,7726.571
91,341,250029.3,7726571.0,7726571.0,250029.29999999996,250.02929999999995
91,535,7726571.0,7726571.0,250029.3,7726571.0,7726.571
91,1049,7726571.0,7726571.0,7726571.0,7726571.0,7726.571
92,281,1034656.0,1598824.0,304523.2,1034656.0,1034.656
100,361,1011973.0,2266443.0,137784.6,1011973.0,1011.973
103,152,342989.8,1733024.0,566282.4,342989.8,342.9898
108,605,48713.92,227630.1,2260198.0,48713.920000000006,48.71392000000001
109,670,2671831.0,145639.4,46607.42,2671831.0,2671.831
110,665,0.0,521185.0,474483.8,0.0,0.0
112,203,3031701.0,5574880.0,585634.5,3031701.0,3031.701
112,950,3031701.0,585634.5,5574880.0,3031701.0,3031.701
118,668,304523.2,1034656.0,589521.5,304523.2,304.52320000000003
122,570,521185.0,521185.0,521185.0,521185.0,521.185
122,793,521185.0,521185.0,521185.0,521185.0,521.185
126,78,8586974.0,1144256.0,21259560.0,8586974.0,8586.974
126,362,8586974.0,1144256.0,21259560.0,8586974.0,8586.974
127,46,2229022.0,913108.1,199218.9,2229022.0,2229.022
127,237,2229022.0,913108.1,199218.9,2229022.0,2229.022
139,923,8586974.0,67121.88,1144256.0,8586974.0,8586.974
169,335,51558.91,7846376.0,2451805.0,51558.91,51.558910000000004
169,339,2925160.0,14651.34,7846376.0,2925160.0,2925.16
169,835,51558.91,12806.08,7846376.0,51558.91,51.558910000000004
170,973,12118480.0,2231172.0,1445732.0,12118480.0,12118.48
173,596,11169120.0,11169120.0,257056.4,11169120.0,11169.12
174,64,10405910.0,3166660.0,1508728.0,10405910.0,10405.91
175,252,2007916.0,23789050.0,1146789.0,2007916.0,2007.916
182,273,25954.83,308672.8,133574.9,25954.83,25.95483
184,134,32613.42,644370.3,644370.3,32613.42,32.61342
184,285,32613.42,644370.3,644370.3,32613.42,32.61342
186,94,291532.6,644370.3,644370.3,291532.6,291.5326
187,970,10384330.0,138358.8,138358.8,10384330.0,10384.33
190,689,1006687.0,350381.4,112808.3,1006687.0,1006.687
194,135,1163264.0,119049.8,12860.42,1163264.0,1163.264
195,395,64411.49,64411.49,386486.0,64411.49,64.41149
196,193,21868.34,21868.34,4145516.0,21868.34,21.86834
198,374,573346.6,1010362.0,92576.36,573346.6,573.3466
200,139,2770107.0,54409.2,5076238.0,2770107.0,2770.107
201,704,509474.4,2330887.0,3365093.0,509474.4000000001,509.47440000000006
201,707,2330887.0,509474.4,3365093.0,2330887.0,2330.887
202,1041,974072.3,5076238.0,25970090.0,974072.3000000002,974.0723000000002
203,276,10716600.0,34434.9,1010362.0,10716600.0,10716.6
206,1038,2884.75,224773.3,7832.087,2884.75,2.88475
210,439,32197.78,32197.78,224773.3,32197.78,32.19778
210,947,224773.3,1716933.0,32197.78,224773.29999999996,224.77329999999995
212,686,262297.2,481163.6,1716933.0,262297.2,262.29720000000003
215,389,2960455.0,4957977.0,1146388.0,2960455.0,2960.455
217,476,6464545.0,6464545.0,14433820.0,6464545.0,6464.545
217,554,14433820.0,6464545.0,6464545.0,14433820.0,14433.82
219,242,7346205.0,7346205.0,0.0,7346205.0,7346.205
219,455,7346205.0,7346205.0,14433820.0,7346205.0,7346.205
219,1016,269441.4,7346205.0,185361.9,269441.4,269.44140000000004
222,80,2497660.0,5221.058,6401778.0,2497660.0,2497.66
225,742,2860960.0,48203170.0,2001816.0,2860960.0,2860.96
226,205,185361.9,185361.9,10617440.0,185361.9,185.3619
226,293,48203170.0,10617440.0,185361.9,48203170.0,48203.17
229,269,0.0,0.0,0.0,0.0,0.0
229,334,0.0,0.0,0.0,0.0,0.0
231,397,3375303.0,527043.1,0.0,3375303.0,3375.303
234,667,2860960.0,48203170.0,8100686.0,2860960.0,2860.96
237,467,283664.4,527043.1,3375303.0,283664.4,283.6644
238,601,2192059.0,4197868.0,2214326.0,2192059.0,2192.059
238,797,2192059.0,4197868.0,2214326.0,2192059.0,2192.059
238,821,2192059.0,4197868.0,2214326.0,2192059.0,2192.059
238,924,2214326.0,2214326.0,4197868.0,2214326.0,2214.326
247,785,5076238.0,25970090.0,25970090.0,5076238.0,5076.238
248,448,12860.42,1163264.0,25970090.0,12860.42,12.86042
249,22,25970090.0,25970090.0,25970090.0,25970090.0,25970.09
249,69,25970090.0,25970090.0,25970090.0,25970090.0,25970.09
249,752,2770107.0,25970090.0,25970090.0,2770107.0,2770.107
249,753,25970090.0,25970090.0,25970090.0,25970090.0,25970.09
250,149,2770107.0,487773.7,1163264.0,2770107.0,2770.107
250,231,487773.7,2770107.0,495150.1,487773.7,487.7737
250,352,2770107.0,487773.7,495150.1,2770107.0,2770.107
250,543,2770107.0,487773.7,1163264.0,2770107.0,2770.107
250,544,2770107.0,487773.7,1163264.0,2770107.0,2770.107
250,590,495150.1,487773.7,2770107.0,495150.0999999999,495.1500999999999
250,618,487773.7,495150.1,2770107.0,487773.7,487.7737
250,775,2770107.0,487773.7,1163264.0,2770107.0,2770.107
250,844,2770107.0,487773.7,1163264.0,2770107.0,2770.107
250,900,487773.7,2770107.0,495150.1,487773.7,487.7737
250,939,2770107.0,1163264.0,487773.7,2770107.0,2770.107
250,975,487773.7,495150.1,2770107.0,487773.7,487.7737
252,148,495150.1,487773.7,922035.7,495150.0999999999,495.1500999999999
252,751,495150.1,487773.7,922035.7,495150.0999999999,495.1500999999999
252,888,487773.7,1163264.0,495150.1,487773.7,487.7737
264,406,712640.1,5972486.0,8100686.0,712640.1,712.6401
265,16,3561182.0,1352233.0,3819654.0,3561182.0,3561.182
265,487,1352233.0,3561182.0,3819654.0,1352233.0,1352.233
265,699,1352233.0,1352233.0,759912.1,1352233.0,1352.233
265,1058,3819654.0,1352233.0,1352233.0,3819654.0,3819.654
266,319,1796353.0,1805304.0,675029.9,1796353.0,1796.353
268,119,711467.2,780016.0,780016.0,711467.1999999998,711.4671999999998
271,808,93650.88,1153105.0,47421.53,93650.88,93.65088
272,462,14471730.0,3061879.0,1153105.0,14471730.0,14471.73
273,265,231519.7,48054.7,49035200.0,231519.70000000004,231.51970000000003
274,627,15487490.0,314412.7,0.0,15487490.0,15487.49
276,711,9072830.0,1511780.0,83649.71,9072830.0,9072.83
277,124,1611019.0,1228059.0,905311.3,1611019.0,1611.019
278,161,902960.6,11575.21,2383731.0,902960.6,902.9606
278,489,902960.6,11575.21,2383731.0,902960.6,902.9606
278,918,2383731.0,2383731.0,2383731.0,2383731.0,2383.731
281,1000,19327670.0,0.0,10274.71,19327670.0,19327.67
282,867,258550.6,0.0,54405.11,258550.6,258.55060000000003
284,108,39787.01,7300.519,321746.0,39787.01,39.78701
285,122,39787.01,7300.519,111422.8,39787.01,39.78701
285,565,111422.8,24301.28,39787.01,111422.8,111.42280000000001
289,598,314412.7,1211574.0,0.0,314412.7,314.41270000000003
291,115,538033.9,93605.41,1189923.0,538033.9,538.0339
292,517,786480.4,5464917.0,786480.4,786480.4,786.4804
293,131,258550.6,53869.15,258550.6,258550.6,258.55060000000003
294,62,1021025.0,14197160.0,120533.9,1021025.0,1021.025
294,635,1021025.0,14197160.0,120533.9,1021025.0,1021.025
295,244,519943.8,10673790.0,479452.9,519943.8,519.9438
295,512,479452.9,519943.8,10673790.0,479452.9000000001,479.45290000000006
298,997,1638888.0,1488081.0,1150078.0,1638888.0,1638.888
299,50,1106973.0,1059403.0,186601.7,1106973.0,1106.973
299,1032,1106973.0,1059403.0,186601.7,1106973.0,1106.973
299,1033,1106973.0,1059403.0,186601.7,1106973.0,1106.973
300,344,3097231.0,3097231.0,937120.4,3097231.0,3097.231
301,218,582437.0,386667.5,937120.4,582437.0,582.437
307,128,145737.2,1731130.0,1705.058,145737.2,145.7372
310,936,2060588.0,21802.59,15785.27,2060588.0,2060.588
311,518,239086.6,2835682.0,3573871.0,239086.6,239.0866
313,579,5464917.0,249513.1,88719.47,5464917.0,5464.917
318,737,2760777.0,2760777.0,2334.849,2760777.0,2760.777
318,946,2760777.0,2760777.0,2334.849,2760777.0,2760.777
318,1001,2334.849,2760777.0,2760777.0,2334.849,2.334849
318,1048,2760777.0,2760777.0,2334.849,2760777.0,2760.777
318,1055,2760777.0,2760777.0,2334.849,2760777.0,2760.777
322,101,139487.8,1525.525,20183940.0,139487.8,139.4878
323,738,503087.5,503087.5,20183940.0,503087.5,503.0875
325,109,459915.7,4619717.0,654994.9,459915.7,459.9157
325,874,4619717.0,654994.9,459915.7,4619717.0,4619.717
326,74,2835682.0,654994.9,239086.6,2835682.0,2835.682
326,217,2835682.0,239086.6,654994.9,2835682.0,2835.682
326,234,2835682.0,654994.9,239086.6,2835682.0,2835.682
326,288,2835682.0,654994.9,239086.6,2835682.0,2835.682
327,151,1759388.0,1573932.0,423685.2,1759388.0,1759.388
328,483,423685.2,12066210.0,19852840.0,423685.2,423.6852
332,961,6587864.0,1117019.0,812443.3,6587864.0,6587.864
333,112,469109.1,1460725.0,386197.1,469109.0999999999,469.1090999999999
333,473,3779948.0,1041207.0,1460725.0,3779948.0,3779.948
334,373,3779948.0,1041207.0,4078438.0,3779948.0,3779.948
334,465,3779948.0,1041207.0,4078438.0,3779948.0,3779.948
335,12,3779948.0,4078438.0,4078438.0,3779948.0,3779.948
335,509,3779948.0,4078438.0,4078438.0,3779948.0,3779.948
340,599,1084400.0,3079064.0,371126.8,1084400.0,1084.4
341,278,1347.268,1347.268,559933.5,1347.268,1.3472680000000001
341,963,1347.268,1347.268,559933.5,1347.268,1.3472680000000001
343,29,2934.295,1347.268,1347.268,2934.295,2.934295
343,65,2934.295,1347.268,2934.295,2934.295,2.934295
343,671,1347.268,2934.295,1347.268,1347.268,1.3472680000000001
343,895,1347.268,2934.295,669969.8,1347.268,1.3472680000000001
347,1028,5900.694,9737358.0,75903.99,5900.694,5.9006940000000005
348,23,1189923.0,78862.88,760361.3,1189923.0,1189.923
350,264,786480.4,5900.694,2164352.0,786480.4,786.4804
350,739,786480.4,5900.694,2164352.0,786480.4,786.4804
351,138,1347.268,1347.268,1347.268,1347.268,1.3472680000000001
356,211,9355573.0,2193559.0,225578.5,9355573.0,9355.573
359,486,3534955.0,3819654.0,3819654.0,3534955.0,3534.955
360,615,16401770.0,209709.5,6105.42,16401770.0,16401.77
361,301,3534955.0,3819654.0,0.0,3534955.0,3534.955
366,300,759912.1,759912.1,1352233.0,759912.1,759.9121
372,678,43811860.0,2626214.0,191793.0,43811860.0,43811.86
393,985,258550.6,258550.6,258550.6,258550.6,258.55060000000003
401,595,27707.13,17370210.0,114851.5,27707.13,27.70713
402,1035,32606900.0,373077.9,17370210.0,32606900.0,32606.9
402,1036,32606900.0,373077.9,17370210.0,32606900.0,32606.9
406,608,90941.09,5693963.0,921427.5,90941.09000000001,90.94109000000002
414,85,4078438.0,4078438.0,777202.3,4078438.0,4078.438
414,631,4078438.0,777202.3,4078438.0,4078438.0,4078.438
414,823,4078438.0,4078438.0,777202.3,4078438.0,4078.438
414,956,4078438.0,4078438.0,777202.3,4078438.0,4078.438
414,979,4078438.0,777202.3,4078438.0,4078438.0,4078.438
417,925,0.0,0.0,0.0,0.0,0.0
418,225,0.0,0.0,0.0,0.0,0.0
424,616,3210739.0,838774.4,3210739.0,3210739.0,3210.739
425,405,18525840.0,18525840.0,1081526.0,18525840.0,18525.84
425,407,3042767.0,18525840.0,18525840.0,3042767.0,3042.767
425,496,18525840.0,18525840.0,1081526.0,18525840.0,18525.84
425,856,3042767.0,18525840.0,18525840.0,3042767.0,3042.767
425,1056,18525840.0,18525840.0,1081526.0,18525840.0,18525.84
426,506,7178883.0,3200095.0,2746552.0,7178883.0,7178.883
427,61,15440.11,1476488.0,164837.7,15440.11,15.44011
427,540,15440.11,1476488.0,164837.7,15440.11,15.44011
428,750,25213480.0,215673.9,1824310.0,25213480.0,25213.48
433,651,5963040.0,8603.155,5873891.0,5963040.0,5963.04
433,761,5963040.0,8603.155,5873891.0,5963040.0,5963.04
435,621,418989.3,3039390.0,418989.3,418989.3,418.9893
435,944,418989.3,418989.3,479468.3,418989.3,418.9893
437,59,570061.2,1095492.0,2036308.0,570061.2,570.0612
439,58,0.0,0.0,1960985.0,0.0,0.0
440,425,0.0,0.0,0.0,0.0,0.0
440,550,0.0,0.0,0.0,0.0,0.0
440,646,1960985.0,0.0,1960985.0,1960985.0,1960.985
441,966,0.0,0.0,0.0,0.0,0.0
443,432,1934648.0,4883366.0,4883366.0,1934648.0,1934.648
444,60,26065970.0,271628.0,2436826.0,26065970.0,26065.97
447,1019,693532.1,805333.0,805333.0,693532.1,693.5321
450,894,4302764.0,1373659.0,46277.01,4302764.0,4302.764
453,410,700453.1,7780210.0,4348158.0,700453.1,700.4531
456,413,1503480.0,2221.484,208311.3,1503480.0,1503.48
459,409,1725710.0,226234.3,571744.9,1725710.0,1725.71
462,547,10320210.0,134870.3,2752861.0,10320210.0,10320.21
462,861,219076.1,10320210.0,655175.5,219076.1,219.0761
463,545,2752861.0,394800.9,134870.3,2752861.0,2752.861
465,539,0.0,333550.7,0.0,0.0,0.0
466,858,346355.7,346355.7,346355.7,346355.7,346.3557
467,34,165876.3,2041229.0,22439.15,165876.3,165.8763
469,35,63221.98,5767479.0,22439.15,63221.98,63.22198
469,654,5767479.0,63221.98,2041229.0,5767479.0,5767.479
470,1018,2041229.0,5767479.0,22439.15,2041229.0,2041.229
473,537,2094833.0,381839.7,205438.3,2094833.0,2094.833
473,999,381839.7,2094833.0,205438.3,381839.7,381.8397
476,433,2148905.0,36347.05,368324.6,2148905.0,2148.905
478,426,153390.9,153390.9,1290084.0,153390.9,153.3909
480,855,1619292.0,4977010.0,1628885.0,1619292.0,1619.292
485,427,0.0,0.0,0.0,0.0,0.0
487,420,203194.5,463319.1,1517482.0,203194.5,203.1945
490,403,588832.9,463780.5,4369589.0,588832.9,588.8329
491,622,1697210.0,46684.29,286923.1,1697210.0,1697.21
493,541,346355.7,346355.7,346355.7,346355.7,346.3557
494,658,109240.0,39586.07,39586.07,109240.0,109.24
497,548,3042767.0,18525840.0,620757.6,3042767.0,3042.767
501,998,5511666.0,1960985.0,1960985.0,5511666.0,5511.666
504,429,1095388.0,2616978.0,60675.53,1095388.0,1095.388
505,430,1095388.0,1210629.0,2616978.0,1095388.0,1095.388
507,503,575931.9,2447984.0,26997410.0,575931.9,575.9319
507,504,575931.9,2447984.0,26997410.0,575931.9,575.9319
507,647,2447984.0,26997410.0,26997410.0,2447984.0,2447.984
507,763,575931.9,2447984.0,26997410.0,575931.9,575.9319
511,411,301861.1,450.519,301861.1,301861.1,301.86109999999996
511,538,301861.1,333550.7,76889.84,301861.1,301.86109999999996
512,974,450195.2,450.519,301861.1,450195.2,450.1952
513,1020,603523.8,3773753.0,198594.9,603523.8,603.5238
515,435,47158620.0,4172929.0,2622055.0,47158620.0,47158.62
518,424,84760.84,1100657.0,2863551.0,84760.84,84.76084
519,431,2281423.0,9370745.0,28032.81,2281423.0,2281.423
520,421,958700.7,700017.2,13174.18,958700.6999999998,958.7006999999999
520,818,958700.7,700017.2,236164.9,958700.6999999998,958.7006999999999
520,859,958700.7,13174.18,700017.2,958700.6999999998,958.7006999999999
524,542,236164.9,700017.2,4580179.0,236164.9,236.1649
526,412,4814159.0,146572100.0,6450175.0,4814159.0,4814.159
526,499,146572100.0,6450175.0,4814159.0,146572100.0,146572.1
527,817,49197070.0,4814159.0,146572100.0,49197070.0,49197.07
527,860,49197070.0,4814159.0,146572100.0,49197070.0,49197.07
530,500,6637624.0,16701340.0,9908363.0,6637624.0,6637.624
534,422,278050.4,27205.93,1767479.0,278050.4,278.0504
534,591,278050.4,27205.93,1767479.0,278050.4,278.0504
537,816,7178883.0,119389.6,3200095.0,7178883.0,7178.883
539,657,119389.6,4870143.0,40173980.0,119389.60000000002,119.38960000000002
541,659,7178883.0,616349.9,119389.6,7178883.0,7178.883
544,423,0.0,0.0,109240.0,0.0,0.0
553,428,193928.6,773949.6,31807.01,193928.6,193.92860000000002
561,498,15834.2,404071.5,15834.2,15834.200000000003,15.834200000000003
566,408,1392701.0,219076.1,655175.5,1392701.0,1392.701
566,549,1392701.0,655175.5,219076.1,1392701.0,1392.701
583,434,383999.6,383999.6,11462240.0,383999.5999999999,383.99959999999993
587,66,737599.9,424669.0,14367050.0,737599.9,737.5999
588,219,51681.18,165795.0,252033.4,51681.18,51.68118
589,248,20681850.0,813181.1,7246180.0,20681850.0,20681.85
590,447,7755416.0,70819.75,106485.3,7755416.0,7755.416
590,484,7755416.0,106485.3,70819.75,7755416.0,7755.416
590,528,106485.3,7755416.0,759.2029,106485.3,106.48530000000001
591,468,759.2029,70819.75,7755416.0,759.2028999999999,0.7592028999999999
592,727,3983493.0,76188.73,372978.8,3983493.0,3983.493
592,732,76188.73,3983493.0,3983493.0,76188.73,76.18872999999999
593,160,7473195.0,164304.8,1402401.0,7473195.0,7473.195
593,650,164304.8,7473195.0,629526.6,164304.8,164.3048
593,703,7473195.0,164304.8,6882280.0,7473195.0,7473.195
593,719,164304.8,7473195.0,629526.6,164304.8,164.3048
594,3,39372.68,3652084.0,39372.68,39372.68,39.37268
594,41,3652084.0,39372.68,39372.68,3652084.0,3652.084
594,129,39372.68,39372.68,3652084.0,39372.68,39.37268
594,438,39372.68,39372.68,3652084.0,39372.68,39.37268
594,760,39372.68,3652084.0,39372.68,39372.68,39.37268
594,902,3652084.0,39372.68,39372.68,3652084.0,3652.084
595,172,245908.8,245908.8,2624164.0,245908.79999999996,245.90879999999996
596,580,12500640.0,629526.6,12500640.0,12500640.0,12500.64
596,690,884463.0,629526.6,12500640.0,884463.0,884.463
596,824,12500640.0,884463.0,629526.6,12500640.0,12500.64
597,968,733426.6,175410.9,0.0,733426.6,733.4266
598,461,3166706.0,2164176.0,5320108.0,3166706.0,3166.706
599,137,1895857.0,5932215.0,5932215.0,1895857.0,1895.857
599,536,1895857.0,5932215.0,5932215.0,1895857.0,1895.857
599,552,5932215.0,1895857.0,1895857.0,5932215.0,5932.215
599,754,1895857.0,5932215.0,5932215.0,1895857.0,1895.857
600,147,12500640.0,12500640.0,884463.0,12500640.0,12500.64
600,381,397220.8,676783.9,12500640.0,397220.8,397.2208
600,873,12500640.0,884463.0,12500640.0,12500640.0,12500.64
601,715,1359550.0,1359550.0,1895857.0,1359550.0,1359.55
602,485,620308.3,5060.23,818281.4,620308.3,620.3083
604,757,38568.79,16140980.0,1326761.0,38568.79,38.56879
606,132,733426.6,0.0,1318753.0,733426.6,733.4266
609,249,159118.2,175410.9,179212.0,159118.2,159.1182
609,380,179212.0,159118.2,175410.9,179212.0,179.212
610,863,51681.18,0.0,0.0,51681.18,51.68118
612,1,1798991.0,8393094.0,806627.3,1798991.0,1798.991
612,232,17847.2,5535376.0,806627.3,17847.2,17.8472
612,236,1798991.0,806627.3,8393094.0,1798991.0,1798.991
612,578,806627.3,5535376.0,1798991.0,806627.3000000002,806.6273000000002
612,938,1798991.0,8393094.0,806627.3,1798991.0,1798.991
612,959,806627.3,5535376.0,1798991.0,806627.3000000002,806.6273000000002
613,456,5533914.0,1131265.0,626533.8,5533914.0,5533.914
615,49,4072690.0,41759.29,205056.4,4072690.0,4072.69
617,83,288915.4,205056.4,436769.5,288915.4,288.91540000000003
617,130,205056.4,288915.4,436769.5,205056.4,205.0564
617,136,288915.4,436769.5,205056.4,288915.4,288.91540000000003
618,91,86362.04,382857.1,508215.4,86362.04,86.36204
618,771,508215.4,95935.93,86362.04,508215.4000000001,508.2154000000001
618,830,508215.4,95935.93,86362.04,508215.4000000001,508.2154000000001
620,118,2132804.0,1392142.0,1798991.0,2132804.0,2132.804
621,97,1249285.0,1249285.0,4998.988,1249285.0,1249.285
621,142,1249285.0,1249285.0,4998.988,1249285.0,1249.285
622,162,40708.72,34842.28,1468062.0,40708.72,40.70872
622,613,40708.72,1468062.0,34842.28,40708.72,40.70872
629,188,408118.0,1195725.0,1195725.0,408118.0,408.118
631,534,6664108.0,57257760.0,24229270.0,6664108.0,6664.108
631,589,24229270.0,2046314.0,57257760.0,24229270.0,24229.27
632,983,7755416.0,759.2029,70819.75,7755416.0,7755.416
632,996,7755416.0,759.2029,70819.75,7755416.0,7755.416
633,48,81052300.0,81052300.0,10245.81,81052300.0,81052.3
633,295,13130.27,227443.2,10245.81,13130.269999999999,13.13027
633,649,81052300.0,81052300.0,10245.81,81052300.0,81052.3
633,1022,81052300.0,81052300.0,10245.81,81052300.0,81052.3
634,166,1754531.0,1754531.0,1754531.0,1754531.0,1754.531
634,345,1754531.0,1754531.0,1754531.0,1754531.0,1754.531
635,769,7283473.0,587851.6,294942.1,7283473.0,7283.473
637,951,397220.8,676783.9,397220.8,397220.8,397.2208
639,6,451645.9,81052300.0,81052300.0,451645.9000000001,451.6459000000001
639,469,451645.9,81052300.0,81052300.0,451645.9000000001,451.6459000000001
641,626,884463.0,1402401.0,164304.8,884463.0,884.463
641,841,884463.0,164304.8,1402401.0,884463.0,884.463
645,437,2132804.0,1392142.0,12500640.0,2132804.0,2132.804
650,86,227443.2,13130.27,1152442.0,227443.20000000004,227.44320000000005
650,767,1152442.0,227443.2,13130.27,1152442.0,1152.442
655,330,11713790.0,499322.7,417321.1,11713790.0,11713.79
671,602,3476338.0,365371.3,587851.6,3476338.0,3476.338
674,713,4086616.0,2172826.0,3983493.0,4086616.0,4086.616
674,714,4086616.0,2172826.0,3983493.0,4086616.0,4086.616
695,478,1482316.0,364684.5,97465.16,1482316.0,1482.316
702,677,157432.2,455626.6,125700.9,157432.2,157.43220000000002
703,332,8041346.0,2363526.0,144815800.0,8041346.0,8041.346
703,897,144815800.0,146305100.0,8041346.0,144815800.0,144815.8
704,1059,10533150.0,778060.4,26069090.0,10533150.0,10533.15
705,226,1472875.0,3418097.0,26764970.0,1472875.0,1472.875
705,581,2176100.0,26764970.0,829910.8,2176100.0,2176.1
705,929,1377278.0,4769754.0,26764970.0,1377278.0,1377.278
706,15,362801.2,902937.8,33161990.0,362801.2,362.8012
707,262,43587.08,4263760.0,0.0,43587.08,43.58708
708,245,3768377.0,120180.9,2982998.0,3768377.0,3768.377
708,314,120180.9,3768377.0,2982998.0,120180.89999999998,120.18089999999998
708,674,5545.793,2365720.0,120180.9,5545.793000000001,5.545793000000001
708,693,120180.9,3768377.0,5545.793,120180.89999999998,120.18089999999998
708,879,2365720.0,5545.793,120180.9,2365720.0,2365.72
708,928,5545.793,2365720.0,120180.9,5545.793000000001,5.545793000000001
708,930,120180.9,3768377.0,5545.793,120180.89999999998,120.18089999999998
708,933,2982998.0,120180.9,58213.89,2982998.0,2982.998
708,958,3768377.0,120180.9,5545.793,3768377.0,3768.377
708,1015,3768377.0,120180.9,5545.793,3768377.0,3768.377
708,1034,2982998.0,120180.9,58213.89,2982998.0,2982.998
708,1044,3768377.0,120180.9,5545.793,3768377.0,3768.377
709,20,20565730.0,3768377.0,16238370.0,20565730.0,20565.73
709,367,3768377.0,20565730.0,16238370.0,3768377.0,3768.377
709,617,20565730.0,3768377.0,16238370.0,20565730.0,20565.73
709,782,3768377.0,16238370.0,20565730.0,3768377.0,3768.377
709,836,20565730.0,16238370.0,3768377.0,20565730.0,20565.73
711,820,1600405.0,2363526.0,4394132.0,1600405.0,1600.405
712,199,1854787.0,6622965.0,30244110.0,1854787.0,1854.787
713,323,242947.0,4747402.0,184627.1,242947.0,242.947
714,164,7701027.0,17018590.0,126003.9,7701027.0,7701.027
715,454,1013549.0,1099634.0,4001.086,1013549.0,1013.549
716,315,14184.66,525.9073,6006085.0,14184.659999999998,14.184659999999997
716,457,14184.66,525.9073,6006085.0,14184.659999999998,14.184659999999997
716,660,226276.3,14184.66,0.0,226276.29999999996,226.27629999999996
718,171,914717.8,5109837.0,3617257.0,914717.8000000002,914.7178000000001
718,597,5109837.0,3617257.0,15299050.0,5109837.0,5109.837
721,184,58213.89,935601.5,132333.2,58213.88999999999,58.21388999999999
721,392,935601.5,132333.2,694253.9,935601.5,935.6015
721,645,132333.2,935601.5,2365720.0,132333.2,132.3332
722,297,526609.6,365348.4,6381476.0,526609.6,526.6096
722,745,798892.4,684667.7,365348.4,798892.4,798.8924000000001
723,146,52695840.0,34875220.0,902937.8,52695840.0,52695.84
723,746,463223.9,902937.8,2019221.0,463223.9000000001,463.22390000000007
724,444,423216.1,470599.7,5426035.0,423216.0999999999,423.2160999999999
725,21,373914.3,19005340.0,35342.79,373914.3,373.91429999999997
725,96,373914.3,35342.79,19005340.0,373914.3,373.91429999999997
725,630,373914.3,19005340.0,226293.2,373914.3,373.91429999999997
725,960,373914.3,19005340.0,226293.2,373914.3,373.91429999999997
726,251,23378.03,94185.14,1589526.0,23378.03,23.37803
726,987,94185.14,23378.03,94185.14,94185.14,94.18514
727,463,0.0,0.0,0.0,0.0,0.0
727,744,0.0,0.0,0.0,0.0,0.0
727,803,0.0,0.0,0.0,0.0,0.0
727,988,0.0,0.0,0.0,0.0,0.0
732,174,71907.25,872983.6,0.0,71907.25,71.90725
733,583,10182470.0,8541672.0,5265993.0,10182470.0,10182.47
733,786,5265993.0,10182470.0,8541672.0,5265993.0,5265.993
733,787,5265993.0,10182470.0,8541672.0,5265993.0,5265.993
733,850,5265993.0,10182470.0,8541672.0,5265993.0,5265.993
733,885,5265993.0,10182470.0,8541672.0,5265993.0,5265.993
733,898,5265993.0,10182470.0,8541672.0,5265993.0,5265.993
733,907,10182470.0,8541672.0,5265993.0,10182470.0,10182.47
733,914,10182470.0,5265993.0,8541672.0,10182470.0,10182.47
733,948,5265993.0,10182470.0,8541672.0,5265993.0,5265.993
733,952,5265993.0,10182470.0,8541672.0,5265993.0,5265.993
733,964,5265993.0,10182470.0,45117.66,5265993.0,5265.993
733,981,5265993.0,10182470.0,45117.66,5265993.0,5265.993
733,1012,5265993.0,10182470.0,8541672.0,5265993.0,5265.993
733,1037,5265993.0,10182470.0,8541672.0,5265993.0,5265.993
733,1045,5265993.0,10182470.0,45117.66,5265993.0,5265.993
733,1050,10182470.0,5265993.0,8541672.0,10182470.0,10182.47
735,255,1643079.0,20821430.0,171109.8,1643079.0,1643.079
737,800,15356290.0,15749560.0,76385.83,15356290.0,15356.29
739,14,26453280.0,3798281.0,83873.91,26453280.0,26453.28
740,913,1291489.0,3418097.0,3419491.0,1291489.0,1291.489
742,157,14353000.0,684107.1,684107.1,14353000.0,14353.0
743,919,312810.1,361717.1,225948.9,312810.1,312.8101
744,120,12900200.0,256717100.0,1422637.0,12900200.0,12900.2
746,320,2365720.0,2365720.0,5545.793,2365720.0,2365.72
746,935,2365720.0,2365720.0,5545.793,2365720.0,2365.72
747,348,494353.1,10090520.0,413066.0,494353.0999999999,494.3530999999999
749,89,16903.07,5711065.0,3192888.0,16903.07,16.90307
750,207,780124.0,190374.7,15657230.0,780124.0,780.124
752,402,495802.0,241553.0,420605.2,495802.0,495.802
754,391,3827673.0,3798281.0,83873.91,3827673.0,3827.673
754,474,3827673.0,3798281.0,83873.91,3827673.0,3827.673
756,443,1359737.0,1359737.0,58213.89,1359737.0,1359.737
757,377,711428.0,1160856.0,1051208.0,711428.0,711.428
759,159,2765020.0,15558590.0,907242.0,2765020.0,2765.02
760,256,122960.2,8563252.0,39923.96,122960.2,122.9602
760,801,326315.7,39923.96,8563252.0,326315.7,326.3157
761,611,420605.2,420605.2,1743569.0,420605.2,420.6052
762,556,580385.4,0.0,0.0,580385.4,580.3854
764,267,2176298.0,3049489.0,226293.2,2176298.0,2176.298
765,259,2597343.0,455626.6,2247797.0,2597343.0,2597.343
769,349,256717100.0,15558590.0,10003380.0,256717100.0,256717.1
769,350,10003380.0,256717100.0,15558590.0,10003380.0,10003.38
775,672,65638.12,37273.3,6346611.0,65638.12,65.63812
775,695,37273.3,6346611.0,65638.12,37273.3,37.273300000000006
781,955,2553633.0,8900237.0,15218.85,2553633.0,2553.633
785,908,1556302.0,129277.8,103186.6,1556302.0,1556.302
786,317,0.0,1995228.0,37894.8,0.0,0.0
790,953,5930221.0,159534900.0,14953310.0,5930221.0,5930.221
791,156,7060759.0,45217.86,168869.8,7060759.0,7060.759
792,180,1152585.0,560575.7,4001.086,1152585.0,1152.585
798,717,102491.5,14353000.0,168869.8,102491.5,102.4915
810,277,129277.8,266653.3,4459979.0,129277.8,129.2778
811,832,266653.3,4459979.0,4459979.0,266653.3,266.6533
812,13,100072.8,71907.25,0.0,100072.8,100.0728
831,729,6471.677,3541380.0,3541380.0,6471.677,6.471677
857,505,753881.6,23203.92,540620.3,753881.6,753.8815999999999
857,652,1476718.0,753881.6,540620.3,1476718.0,1476.718
857,903,753881.6,1476718.0,540620.3,753881.6,753.8815999999999
857,965,23203.92,753881.6,150442.5,23203.92,23.203919999999997
857,991,540620.3,753881.6,1476718.0,540620.3,540.6203
858,31,21710.09,8046.302,1281222.0,21710.09,21.71009
858,905,21710.09,8046.302,1281222.0,21710.09,21.71009
859,656,158228.8,97080.74,2671029.0,158228.8,158.22879999999998
860,653,11887740.0,20878.33,24674190.0,11887740.0,11887.74
861,32,131274.4,8671326.0,3764053.0,131274.4,131.27439999999999
863,967,56983.38,56983.38,56983.38,56983.38,56.98338
865,764,21316.29,6868445.0,141007.8,21316.29,21.316290000000002
866,501,829163.3,127448.1,45567100.0,829163.3000000002,829.1633000000002
867,404,6963985.0,63742.84,56003.0,6963985.0,6963.985
869,416,1421855.0,2018725.0,3815319.0,1421855.0,1421.855
869,992,3815319.0,1421855.0,41739.8,3815319.0,3815.319
869,993,3815319.0,1421855.0,41739.8,3815319.0,3815.319
870,507,5140062.0,5140062.0,5140062.0,5140062.0,5140.062
871,759,10652590.0,7290.084,21473.26,10652590.0,10652.59
872,994,565874.8,24815810.0,2960860.0,565874.8,565.8748
873,36,600489.0,21914670.0,8671326.0,600489.0,600.489
876,546,25970860.0,7845.686,4256765.0,25970860.0,25970.86
877,655,61451.27,5665.687,1525068.0,61451.27,61.451269999999994
878,418,42655.3,41739.8,2671029.0,42655.3,42.655300000000004
882,904,1509235.0,23843890.0,78250.03,1509235.0,1509.235
882,1017,23843890.0,1509235.0,78250.03,23843890.0,23843.89
889,417,5360.778,0.0,18585570.0,5360.778,5.360778
893,419,1525068.0,525088.6,213057.2,1525068.0,1525.068
896,497,108176.2,7626310.0,56983.38,108176.2,108.1762
897,620,1349248.0,64184.62,3992767.0,1349248.0,1349.248
908,762,108176.2,7626310.0,976868.5,108176.2,108.1762
909,414,5404296.0,374032.1,4731295.0,5404296.0,5404.296
909,415,374032.1,1445536.0,4731295.0,374032.0999999999,374.0320999999999
911,502,10828.35,10828.35,600489.0,10828.35,10.82835
911,857,10828.35,10828.35,600489.0,10828.35,10.82835
923,33,0.0,0.0,0.0,0.0,0.0
924,765,0.0,0.0,0.0,0.0,0.0
934,272,18284240.0,374281.1,578812.1,18284240.0,18284.24
934,588,374281.1,18284240.0,578812.1,374281.0999999999,374.2810999999999
934,864,18284240.0,374281.1,578812.1,18284240.0,18284.24
935,7,238586.8,1585573.0,238586.8,238586.79999999996,238.58679999999995
935,289,120636.1,238586.8,238586.8,120636.10000000002,120.63610000000003
936,17,9987.901,4924980.0,54277.28,9987.901,9.987900999999999
936,492,129854.0,54277.28,12628870.0,129854.0,129.854
937,866,2454677.0,38931820.0,1594994.0,2454677.0,2454.677
938,1006,22617.45,11051050.0,2490.51,22617.45,22.61745
939,827,4562827.0,27930890.0,38051.83,4562827.0,4562.827
940,28,88726.48,255534.4,1462496.0,88726.48,88.72648
940,682,255534.4,255534.4,3539249.0,255534.4,255.5344
941,286,668180.8,11051050.0,1259749.0,668180.8,668.1808000000001
942,368,318867.4,1462496.0,88726.48,318867.4,318.86740000000003
943,253,6977353.0,3329491.0,73927.66,6977353.0,6977.353
945,1052,3329491.0,4562827.0,2900746.0,3329491.0,3329.491
945,1053,3329491.0,4562827.0,2900746.0,3329491.0,3329.491
946,165,5183256.0,2549280.0,15185.92,5183256.0,5183.256
946,328,15185.92,722526.7,15185.92,15185.92,15.18592
946,516,15185.92,722526.7,15185.92,15185.92,15.18592
947,945,9155.027,1164946.0,1008099.0,9155.027,9.155027
948,877,22805780.0,2875860.0,2727574.0,22805780.0,22805.78
950,940,2488202.0,3373168.0,279540.0,2488202.0,2488.202
952,71,1251792.0,2424698.0,13542810.0,1251792.0,1251.792
953,453,166620.8,256184.6,8507695.0,166620.8,166.62079999999997
955,513,227052.9,698.0175,85034.56,227052.9,227.0529
956,396,9645594.0,7105477.0,779321.6,9645594.0,9645.594
957,68,124597.5,3522181.0,149785.6,124597.5,124.5975
959,220,30806000.0,26170860.0,869612.1,30806000.0,30806.0
960,140,6370442.0,26310.58,809978.4,6370442.0,6370.442
960,482,6370442.0,26310.58,809978.4,6370442.0,6370.442
960,623,6370442.0,809978.4,26310.58,6370442.0,6370.442
961,310,37643.47,161810200.0,385368.0,37643.47,37.64347
963,625,2336157.0,1445717.0,68314.78,2336157.0,2336.157
964,562,98199.01,5616204.0,5148533.0,98199.01,98.19901
965,477,4678018.0,143513.5,4678018.0,4678018.0,4678.018
965,724,4678018.0,4678018.0,4678018.0,4678018.0,4678.018
966,169,231221.0,312336.2,1642449.0,231221.0,231.221
968,441,31873.73,6366267.0,2234188.0,31873.73,31.87373
968,452,1734187.0,31873.73,6366267.0,1734187.0,1734.187
968,691,2234188.0,31873.73,6366267.0,2234188.0,2234.188
968,871,2234188.0,31873.73,6366267.0,2234188.0,2234.188
968,1042,31873.73,6366267.0,1734187.0,31873.73,31.87373
969,185,238586.8,2252381.0,1585573.0,238586.79999999996,238.58679999999995
970,934,528967.3,2766715.0,2252381.0,528967.3,528.9673
971,40,41841.23,1105.375,352554.0,41841.23,41.84123
972,187,2151225.0,1105.375,1411251.0,2151225.0,2151.225
974,442,0.0,120636.1,0.0,0.0,0.0
975,111,16782650.0,16782650.0,4795372.0,16782650.0,16782.65
975,270,16782650.0,16782650.0,4795372.0,16782650.0,16782.65
975,1023,16782650.0,16782650.0,4795372.0,16782650.0,16782.65
976,88,1810311.0,1411251.0,4309636.0,1810311.0,1810.311
976,673,1810311.0,1411251.0,4309636.0,1810311.0,1810.311
978,386,14536940.0,5059405.0,584940.6,14536940.0,14536.94
979,246,3442.566,1231945.0,37710.63,3442.5660000000003,3.4425660000000002
982,521,2816831.0,10090520.0,16208.66,2816831.0,2816.831
983,802,289217.6,25664010.0,143872.9,289217.6,289.2176
984,43,43268.9,2298227.0,4064146.0,43268.9,43.2689
984,804,43268.9,2298227.0,4064146.0,43268.9,43.2689
985,813,16208.66,16208.66,16208.66,16208.659999999998,16.20866
986,4,9008206.0,1927534.0,457300.1,9008206.0,9008.206
986,110,9008206.0,1927534.0,457300.1,9008206.0,9008.206
986,644,1792282.0,9008206.0,420266.2,1792282.0,1792.282
986,872,9008206.0,420266.2,1927534.0,9008206.0,9008.206
987,698,8372520.0,1567116.0,295085.9,8372520.0,8372.52
988,878,0.0,0.0,0.0,0.0,0.0
988,916,64942.1,64942.1,0.0,64942.1,64.9421
989,266,0.0,0.0,0.0,0.0,0.0
989,359,0.0,0.0,0.0,0.0,0.0
989,839,0.0,0.0,64942.1,0.0,0.0
990,555,580385.4,0.0,0.0,580385.4,580.3854
991,910,2518228.0,2518228.0,2518228.0,2518228.0,2518.228
991,1046,2518228.0,2518228.0,2518228.0,2518228.0,2518.228
992,313,2518228.0,0.0,2518228.0,2518228.0,2518.228
993,491,64942.1,2518228.0,2518228.0,64942.1,64.9421
993,607,64942.1,2518228.0,64942.1,64942.1,64.9421
993,815,64942.1,64942.1,2518228.0,64942.1,64.9421
994,371,0.0,64942.1,64942.1,0.0,0.0
996,796,2518228.0,64942.1,64942.1,2518228.0,2518.228
997,749,2518228.0,2518228.0,2518228.0,2518228.0,2518.228
999,982,2518228.0,0.0,2518228.0,2518228.0,2518.228
1000,794,580385.4,580385.4,0.0,580385.4,580.3854
1000,795,580385.4,0.0,580385.4,580385.4,580.3854
1001,886,0.0,0.0,0.0,0.0,0.0
1002,364,0.0,0.0,0.0,0.0,0.0
1002,642,0.0,0.0,0.0,0.0,0.0
1002,986,0.0,0.0,0.0,0.0,0.0
1003,722,0.0,0.0,0.0,0.0,0.0
1004,347,18234900.0,4678018.0,0.0,18234900.0,18234.9
1005,186,151005.0,143513.5,197239.7,151005.0,151.005
1005,688,143513.5,143513.5,197239.7,143513.5,143.5135
1005,705,143513.5,143513.5,197239.7,143513.5,143.5135
1005,865,143513.5,197239.7,143513.5,143513.5,143.5135
1006,398,0.0,0.0,0.0,0.0,0.0
1006,400,0.0,0.0,0.0,0.0,0.0
1006,723,0.0,0.0,0.0,0.0,0.0
1006,789,0.0,0.0,0.0,0.0,0.0
1006,881,0.0,0.0,0.0,0.0,0.0
1006,906,0.0,0.0,0.0,0.0,0.0
1006,917,0.0,0.0,0.0,0.0,0.0
1006,927,0.0,0.0,0.0,0.0,0.0
1006,1011,0.0,0.0,0.0,0.0,0.0
1006,1043,0.0,0.0,0.0,0.0,0.0
1007,734,0.0,0.0,652599.4,0.0,0.0
1007,747,0.0,0.0,0.0,0.0,0.0
1007,779,0.0,0.0,0.0,0.0,0.0
1008,303,57477.29,143513.5,151005.0,57477.29,57.47729
1009,18,143513.5,143513.5,57477.29,143513.5,143.5135
1010,912,0.0,0.0,0.0,0.0,0.0
1011,569,0.0,0.0,857557.7,0.0,0.0
1012,299,0.0,0.0,0.0,0.0,0.0
1014,24,0.0,0.0,0.0,0.0,0.0
1015,972,9948.084,103856.2,441905.1,9948.084,9.948084000000001
1016,572,3879295.0,3879295.0,5368736.0,3879295.0,3879.295
1016,573,3879295.0,3879295.0,5368736.0,3879295.0,3879.295
1016,826,0.0,46769.41,3879295.0,0.0,0.0
1018,92,327668.9,7837801.0,15021.44,327668.9,327.6689
1019,445,109082.8,38807840.0,279741.6,109082.8,109.0828
1019,687,109082.8,38807840.0,279741.6,109082.8,109.0828
1020,799,9948.084,441905.1,9948.084,9948.084,9.948084000000001
1020,932,9948.084,441905.1,9948.084,9948.084,9.948084000000001
1021,494,2557104.0,6610304.0,1427007.0,2557104.0,2557.104
1022,191,191502.5,173359.1,275150.9,191502.5,191.5025
1023,346,671648.9,1561037.0,56071.52,671648.9,671.6489
1024,564,1079.916,2175808.0,275150.9,1079.916,1.0799159999999999
1024,628,1079.916,2175808.0,275150.9,1079.916,1.0799159999999999
1025,600,4935779.0,355692.2,2557104.0,4935779.0,4935.779
1025,798,4935779.0,355692.2,2557104.0,4935779.0,4935.779
1026,195,838146.1,37960.48,12714780.0,838146.1,838.1460999999999
1027,1004,738938.1,918243.9,253867.4,738938.1,738.9381
1028,153,4747177.0,682033.7,503187.6,4747177.0,4747.177
1028,619,4747177.0,682033.7,503187.6,4747177.0,4747.177
1030,379,1160856.0,381201.1,711428.0,1160856.0,1160.856
1031,778,109847.8,3354291.0,3399822.0,109847.8,109.8478
1031,869,1374005.0,109847.8,3399822.0,1374005.0,1374.005
1031,1003,1374005.0,109847.8,3399822.0,1374005.0,1374.005
1032,372,918243.9,6139526.0,253867.4,918243.9,918.2439
1034,675,5944788.0,15313790.0,2032466.0,5944788.0,5944.788
1035,896,146567.7,184205.2,1111859.0,146567.7,146.5677
1036,870,2709949.0,1316682.0,1229185.0,2709949.0,2709.949
1037,283,3642367.0,2637.665,9878377.0,3642367.0,3642.367
1038,592,1967794.0,1098487.0,2252792.0,1967794.0,1967.794
1040,825,193628.3,17173270.0,1460441.0,193628.29999999996,193.62829999999997
1040,915,193628.3,17173270.0,1460441.0,193628.29999999996,193.62829999999997
1042,113,42969.6,37171.58,12862.62,42969.6,42.9696
1042,783,12862.62,37171.58,42969.6,12862.62,12.862620000000001
1043,460,1205360.0,2849358.0,49473.22,1205360.0,1205.36
1047,102,37960.48,1243395.0,736152.2,37960.48,37.960480000000004
1047,790,1243395.0,736152.2,37960.48,1243395.0,1243.395
1050,133,684209.7,154411.0,543609.8,684209.7,684.2097
1050,378,684209.7,154411.0,227424.0,684209.7,684.2097
1050,471,684209.7,543609.8,2193941.0,684209.7,684.2097
1050,741,684209.7,154411.0,543609.8,684209.7,684.2097
1050,1027,684209.7,154411.0,543609.8,684209.7,684.2097
1051,183,1487874.0,44138.98,1102970.0,1487874.0,1487.874
1051,781,2234188.0,1487874.0,44138.98,2234188.0,2234.188
1051,788,2234188.0,1487874.0,44138.98,2234188.0,2234.188
1052,53,12862.62,37171.58,44138.98,12862.62,12.862620000000001
1055,250,372761.7,3947514.0,5112.232,372761.7,372.7617
1055,280,5112.232,372761.7,350766.1,5112.232,5.112232
1056,287,38655690.0,90720030.0,1008099.0,38655690.0,38655.69
1057,837,374281.1,409697.9,374281.1,374281.0999999999,374.2810999999999
1061,222,569234.3,154832.2,1259749.0,569234.3,569.2343000000001
1061,321,154832.2,569234.3,1259749.0,154832.2,154.8322
1061,740,154832.2,569234.3,1259749.0,154832.2,154.8322
1061,854,1259749.0,154832.2,569234.3,1259749.0,1259.749
1062,275,10329350.0,1622695.0,564210.8,10329350.0,10329.35
1062,1031,10329350.0,34098200.0,1622695.0,10329350.0,10329.35
1063,182,3329491.0,2900746.0,4813755.0,3329491.0,3329.491
1065,56,154417.0,2620873.0,80499.59,154417.0,154.417
1069,969,6389347.0,1251465.0,578028.7,6389347.0,6389.347
1071,353,1312639.0,226127.9,60977900.0,1312639.0,1312.639
1076,633,279540.0,9146155.0,15185.92,279540.0,279.54
1078,223,2628960.0,409909.1,765032.9,2628960.0,2628.96
1079,743,9645594.0,7105477.0,33365.89,9645594.0,9645.594
1080,641,7105477.0,9645594.0,9645594.0,7105477.0,7105.477
1084,459,5616204.0,5148533.0,95352150.0,5616204.0,5616.204
1092,634,143513.5,143513.5,3724028.0,143513.5,143.5135
1094,1010,143513.5,143513.5,143513.5,143513.5,143.5135
1096,294,143513.5,143513.5,143513.5,143513.5,143.5135
1097,949,6083138.0,624536.4,2369693.0,6083138.0,6083.138
1113,957,2518228.0,2518228.0,2518228.0,2518228.0,2518.228
1115,852,0.0,0.0,0.0,0.0,0.0
1115,875,0.0,0.0,0.0,0.0,0.0
1117,523,0.0,0.0,0.0,0.0,0.0
1117,977,0.0,0.0,0.0,0.0,0.0
1118,481,0.0,0.0,0.0,0.0,0.0
1118,726,0.0,0.0,0.0,0.0,0.0
1121,725,498862.7,1109640.0,498862.7,498862.7,498.8627
1122,559,197239.7,46769.41,652599.4,197239.70000000004,197.23970000000003
1125,606,652599.4,0.0,0.0,652599.4,652.5994000000001
1128,213,294974.3,2672676.0,294974.3,294974.3,294.97429999999997
1132,298,2518228.0,2518228.0,2518228.0,2518228.0,2518.228
1134,30,7525261.0,1764068.0,2032466.0,7525261.0,7525.261
1134,980,7525261.0,1764068.0,2032466.0,7525261.0,7525.261
1138,831,2079546.0,330325.3,178322.4,2079546.0,2079.546
1142,204,1160856.0,2504889.0,1374005.0,1160856.0,1160.856
1144,515,992410.3,543609.8,2193941.0,992410.3000000002,992.4103000000001
1145,243,109847.8,1374005.0,3354291.0,109847.8,109.8478
1145,436,109847.8,1374005.0,3354291.0,109847.8,109.8478
1146,636,11401.4,3354291.0,109847.8,11401.4,11.401399999999999
1151,1040,62871.69,782586.0,3244651.0,62871.69,62.87169
1154,93,103856.2,0.0,103856.2,103856.2,103.8562
1157,318,18010.43,2103666.0,18010.43,18010.43,18.01043
1157,324,18010.43,2103666.0,18010.43,18010.43,18.01043
1158,263,146567.7,232874.8,1111859.0,146567.7,146.5677
1160,582,381181.9,392075.3,15749560.0,381181.9000000001,381.1819000000001
1160,593,381181.9,392075.3,15749560.0,381181.9000000001,381.1819000000001
1161,1039,109082.8,279741.6,207104.8,109082.8,109.0828
1186,206,52140.78,205741.2,590042.9,52140.78,52.14078
1190,868,358961.3,2727574.0,3663197.0,358961.3,358.9613
1205,811,18284240.0,7397612.0,374281.1,18284240.0,18284.24
1221,984,1642449.0,231221.0,2347584.0,1642449.0,1642.449
1222,909,8883534.0,1566777.0,2347584.0,8883534.0,8883.534
1232,876,149397000.0,110625.4,1793729.0,149397000.0,149397.0
1232,883,149397000.0,110625.4,1793729.0,149397000.0,149397.0
1232,1054,149397000.0,110625.4,1793729.0,149397000.0,149397.0
1253,520,0.0,0.0,0.0,0.0,0.0
1253,610,0.0,0.0,0.0,0.0,0.0
1253,639,0.0,0.0,0.0,0.0,0.0
1253,720,0.0,0.0,0.0,0.0,0.0
1253,911,0.0,0.0,0.0,0.0,0.0
1253,931,0.0,0.0,0.0,0.0,0.0
1253,976,0.0,0.0,0.0,0.0,0.0
1253,1009,0.0,0.0,0.0,0.0,0.0
1265,384,6970.87,1229185.0,1229185.0,6970.87,6.97087
1266,382,76636.83,76636.83,103856.2,76636.83,76.63683
1298,735,1364231.0,508306.8,64827.18,1364231.0,1364.231
1299,235,11438590.0,35017.45,35017.45,11438590.0,11438.59
1299,309,35017.45,35017.45,11438590.0,35017.45,35.01745
1299,533,11438590.0,133384.8,35017.45,11438590.0,11438.59
1299,730,11438590.0,133384.8,35017.45,11438590.0,11438.59
1300,475,2800.295,455678.5,743773.6,2800.295,2.800295
1301,770,172865.1,442748.6,121541.4,172865.1,172.8651
1302,458,7460930.0,3577740.0,3336366.0,7460930.0,7460.93
1302,553,7460930.0,3577740.0,3336366.0,7460930.0,7460.93
1303,833,197.031,29124.47,1021043.0,197.03100000000003,0.19703100000000004
1304,257,682264.4,3851761.0,1005421.0,682264.4,682.2644
1305,176,2293711.0,750464.4,17424660.0,2293711.0,2293.711
1306,76,84098.96,3791722.0,2967676.0,84098.96,84.09896
1306,337,3791722.0,84098.96,2967676.0,3791722.0,3791.722
1307,230,19576920.0,9717009.0,6514.575,19576920.0,19576.92
1307,233,19576920.0,9717009.0,6514.575,19576920.0,19576.92
1308,194,133384.8,138123.0,138123.0,133384.8,133.38479999999998
1309,692,8404.209,587999.0,138123.0,8404.209,8.404209000000002
1309,1013,587999.0,4936.759,8404.209,587999.0,587.999
1310,143,72964.46,866796.9,73510.73,72964.46,72.96446
1311,893,7126449.0,342975.4,342975.4,7126449.0,7126.449
1312,942,388123.5,64058.55,3233728.0,388123.5,388.1235
1313,197,37922860.0,4025953.0,2460404.0,37922860.0,37922.86
1314,39,3094897.0,262483.2,8083976.0,3094897.0,3094.897
1315,810,161185700.0,19968.44,4408.171,161185700.0,161185.7
1316,316,2743526.0,182627.4,678661.8,2743526.0,2743.526
1316,387,8694407.0,182627.4,678661.8,8694407.0,8694.407
1317,676,432980.9,442414.8,388123.5,432980.9000000001,432.9809000000001
1317,840,442414.8,432980.9,817790.9,442414.8,442.4148
1318,25,2735.401,418537.1,3779873.0,2735.401,2.735401
1318,212,2735.401,418537.1,3779873.0,2735.401,2.735401
1318,470,1483897.0,3779873.0,418537.1,1483897.0,1483.897
1321,215,91525.11,2705750.0,8171.55,91525.11,91.52511
1321,390,1864395.0,238462.8,8171.55,1864395.0,1864.395
1322,200,1924915.0,482739.5,5056949.0,1924915.0,1924.915
1322,209,70576.16,753286.1,5056949.0,70576.16,70.57616
1322,685,11194980.0,1924915.0,5056949.0,11194980.0,11194.98
1322,777,5056949.0,1924915.0,11194980.0,5056949.0,5056.949
1323,99,399729.5,941531.5,1644622.0,399729.5,399.7295
1323,260,0.0,0.0,1644622.0,0.0,0.0
1323,290,0.0,0.0,1644622.0,0.0,0.0
1323,612,0.0,1644622.0,102267.8,0.0,0.0
1324,307,5679959.0,72632.07,3274.412,5679959.0,5679.959
1325,853,350697.8,89522.55,2120997.0,350697.8,350.6978
1326,560,359481.0,675321.3,1015435.0,359481.0,359.481
1326,1057,1015435.0,675321.3,359481.0,1015435.0,1015.435
1327,311,3297263.0,480392.9,76509.42,3297263.0,3297.263
1328,666,29426.45,19898460.0,581302.6,29426.45,29.42645
1329,1002,25695030.0,1003583.0,2448127.0,25695030.0,25695.03
1330,706,375609.6,154635.4,299621.4,375609.5999999999,375.60959999999994
1331,834,715236.7,1571363.0,715236.7,715236.6999999998,715.2366999999998
1332,401,2284.252,1256056.0,1569162.0,2284.252,2.284252
1333,38,813613.1,1343190.0,2531023.0,813613.1,813.6131
1334,809,2135385.0,1822282.0,859487.9,2135385.0,2135.385
1335,526,388123.5,64058.55,2277343.0,388123.5,388.1235
1335,806,2277343.0,64058.55,388123.5,2277343.0,2277.343
1338,680,17491.26,5373738.0,1256056.0,17491.26,17.491259999999997
1338,792,17491.26,1256056.0,97110.36,17491.26,17.491259999999997
1339,229,2808.441,4077399.0,590580.0,2808.4410000000003,2.808441
1339,780,4077399.0,2808.441,590580.0,4077399.0,4077.399
1339,937,2808.441,4077399.0,590580.0,2808.4410000000003,2.808441
1340,756,7320257.0,6021.698,32449.08,7320257.0,7320.257
1341,514,471001.2,5891582.0,2186362.0,471001.2,471.00120000000004
1342,365,222.7173,3135469.0,1351563.0,222.7173,0.2227173
1343,851,392369.4,1285414.0,7280554.0,392369.4000000001,392.3694000000001
1344,614,463433.6,3481345.0,2164637.0,463433.5999999999,463.4335999999999
1345,11,26853.78,1382316.0,477123.7,26853.78,26.85378
1345,561,26853.78,477123.7,75985.88,26853.78,26.85378
1345,603,26853.78,1382316.0,1643718.0,26853.78,26.85378
1346,305,655668.4,715236.7,715236.7,655668.4,655.6684
1347,107,0.0,1393489.0,102267.8,0.0,0.0
1347,683,0.0,0.0,0.0,0.0,0.0
1348,126,533606.5,692761.6,39156.16,533606.5,533.6065
1348,271,692761.6,533606.5,3110447.0,692761.6,692.7615999999999
1350,728,89522.55,633721.3,83142.59,89522.55,89.52255000000001
1351,95,1397072.0,1676391.0,36694.76,1397072.0,1397.072
1351,479,1676391.0,1397072.0,36694.76,1676391.0,1676.391
1351,519,1676391.0,1397072.0,36694.76,1676391.0,1676.391
1351,845,1397072.0,1676391.0,36694.76,1397072.0,1397.072
1351,1024,1397072.0,1676391.0,36694.76,1397072.0,1397.072
1351,1047,1676391.0,1397072.0,36694.76,1676391.0,1676.391
1352,718,4718240.0,9985.999,9106614.0,4718240.0,4718.24
1353,125,8186387.0,8257861.0,5872.999,8186387.0,8186.387
1353,268,5872.999,8257861.0,36065.49,5872.999,5.872999
1353,336,8257861.0,8186387.0,5872.999,8257861.0,8257.861
1355,679,670346.9,193494.1,2186362.0,670346.9,670.3469
1356,901,4987.707,319682.4,2735.401,4987.707,4.987707
1356,1026,4987.707,319682.4,2735.401,4987.707,4.987707
1357,995,28054.45,69485.8,371828.1,28054.45,28.05445
1358,449,324511.8,324511.8,41402.39,324511.8,324.5118
1358,776,324511.8,324511.8,41402.39,324511.8,324.5118
1359,179,76287.7,76287.7,0.0,76287.7,76.2877
1359,304,76287.7,76287.7,0.0,76287.7,76.2877
1360,241,142382.5,278660.9,423908.4,142382.5,142.3825
1360,247,423908.4,8088252.0,142382.5,423908.4000000001,423.9084000000001
1360,399,423908.4,142382.5,8088252.0,423908.4000000001,423.9084000000001
1361,329,3366973.0,70576.16,2104750.0,3366973.0,3366.973
1361,697,2104750.0,767261.1,3366973.0,2104750.0,2104.75
1362,67,2091317.0,3577740.0,3790744.0,2091317.0,2091.317
1363,710,2246951.0,24474640.0,164347.4,2246951.0,2246.951
1364,190,5605790.0,5536.792,628495.3,5605790.0,5605.79
1364,192,5536.792,628495.3,5605790.0,5536.792,5.536792
1364,201,461078.4,8046734.0,5605790.0,461078.4000000001,461.0784000000001
1364,376,5536.792,628495.3,5605790.0,5536.792,5.536792
1365,145,301900.5,301900.5,346.1712,301900.5,301.9005
1365,941,301900.5,301900.5,3461963.0,301900.5,301.9005
1366,10,480322.8,1134593.0,20354910.0,480322.8,480.3228
1366,258,480322.8,787460.5,20354910.0,480322.8,480.3228
1366,326,8046734.0,20354910.0,1134593.0,8046734.0,8046.734
1366,774,8046734.0,20354910.0,1134593.0,8046734.0,8046.734
1367,19,5975927.0,941531.5,5536.792,5975927.0,5975.927
1367,640,5536.792,787460.5,5975927.0,5536.792,5.536792
1367,684,5975927.0,787460.5,5536.792,5975927.0,5975.927
1367,843,5536.792,5975927.0,941531.5,5536.792,5.536792
1368,351,1417678.0,11438590.0,76287.7,1417678.0,1417.678
1369,106,15052750.0,424309.5,13196.01,15052750.0,15052.75
1374,829,78909.17,464406.3,554578.8,78909.17,78.90917
1375,954,106793.2,4964812.0,726457.4,106793.2,106.7932
1376,700,198495.6,753286.1,4396.727,198495.6,198.4956
1377,27,449133.4,96359.18,940217.2,449133.4000000001,449.1334000000001
1378,669,967876.7,1754065.0,8646366.0,967876.6999999998,967.8766999999998
1378,846,967876.7,1754065.0,8646366.0,967876.6999999998,967.8766999999998
1379,163,161390.6,393892.6,2627298.0,161390.6,161.3906
1380,239,0.0,0.0,941531.5,0.0,0.0
1380,261,941531.5,0.0,399729.5,941531.5,941.5315
1380,388,941531.5,0.0,5975927.0,941531.5,941.5315
1380,568,0.0,0.0,0.0,0.0,0.0
1381,54,63427.65,1226873.0,125438.0,63427.65,63.42765
1381,440,63427.65,1226873.0,125438.0,63427.65,63.42765
1381,1008,1226873.0,125438.0,63427.65,1226873.0,1226.873
1382,488,371792.2,17424660.0,8088252.0,371792.2,371.79220000000004
1384,47,3440237.0,26557.96,38058840.0,3440237.0,3440.237
1384,75,3440237.0,38058840.0,16630.91,3440237.0,3440.237
1384,154,73828.96,38058840.0,3440237.0,73828.96,73.82896000000001
1385,648,90232.06,3018.264,10602220.0,90232.06,90.23206
1387,567,567094.7,17734.83,715236.7,567094.7,567.0947
1387,629,567094.7,17734.83,715236.7,567094.7,567.0947
1388,81,136350.6,1340499.0,43939.9,136350.6,136.35060000000001
1389,198,1924915.0,482739.5,11194980.0,1924915.0,1924.915
1389,807,482739.5,11194980.0,183484.0,482739.5,482.7395
1391,155,836320.3,2460404.0,119369.2,836320.3000000002,836.3203000000002
1392,529,1053528.0,5610817.0,484139.5,1053528.0,1053.528
1396,254,602673.3,20179.82,2788198.0,602673.3,602.6733
1397,637,342975.4,342975.4,972292.0,342975.4,342.97540000000004
1398,721,949911.4,949911.4,1296984.0,949911.4,949.9114000000001
1400,116,3997563.0,2212973.0,941531.5,3997563.0,3997.563
1400,312,3997563.0,2212973.0,941531.5,3997563.0,3997.563
1400,490,480322.8,20379.18,2212973.0,480322.8,480.3228
1400,733,3997563.0,2212973.0,5975927.0,3997563.0,3997.563
1401,1014,39867.96,6782077.0,167075.2,39867.96,39.86796
1405,822,15564.53,678661.8,3705339.0,15564.53,15.564530000000001
1408,731,175461.9,32869660.0,1262140.0,175461.9,175.46189999999999
1410,385,0.0,1611418.0,4348868.0,0.0,0.0
1410,577,4923366.0,341643.2,4348868.0,4923366.0,4923.366
1411,1021,67161.58,1941217.0,39156.16,67161.58,67.16158
1415,63,101295.6,167204.0,5603486.0,101295.60000000002,101.29560000000002
1416,51,382.08,649561.3,7765829.0,382.08,0.38208
1417,354,11682.18,1561607.0,2788026.0,11682.18,11.68218
1418,587,552011.4,3765055.0,50834.06,552011.4,552.0114
1419,296,16526.21,16526.21,16526.21,16526.21,16.52621
1420,624,9985.999,24474640.0,629241.9,9985.999,9.985999
1421,82,783714.8,231601.6,526429.6,783714.8000000002,783.7148000000002
1422,819,6241.696,2543.307,50834.06,6241.696,6.241696
1423,755,11014480.0,324180.3,1697108.0,11014480.0,11014.48
1424,849,160980.9,910799.7,2692894.0,160980.9,160.9809
1428,121,248283.5,5719724.0,414.4026,248283.5,248.2835
1429,716,707792.6,707792.6,34127.04,707792.6,707.7926
1429,773,707792.6,707792.6,34127.04,707792.6,707.7926
1430,393,935112.6,1231408.0,1231408.0,935112.6,935.1125999999999
1432,701,6018427.0,302618.1,1231408.0,6018427.0,6018.427
1434,370,222464.2,3304595.0,829474.8,222464.20000000004,222.46420000000003
1434,525,160884.6,12257.62,829474.8,160884.6,160.8846
1434,527,160884.6,12257.62,829474.8,160884.6,160.8846
1434,943,160884.6,829474.8,12257.62,160884.6,160.8846
1435,880,51568.56,801713.3,572091.9,51568.56,51.56856
1436,812,1259439.0,5266090.0,2101050.0,1259439.0,1259.439
1437,524,19595290.0,6514.575,509174.7,19595290.0,19595.29
1441,926,50551.43,2202587.0,177784.3,50551.43,50.55143
1442,594,2091317.0,3577740.0,188.4771,2091317.0,2091.317
1443,168,167075.2,1370.318,281628.8,167075.2,167.07520000000002
1444,696,110743.7,6805595.0,114851.5,110743.7,110.7437
1447,90,540276.0,16313770.0,5228124.0,540276.0,540.276
1451,26,0.0,0.0,0.0,0.0,0.0
1451,224,0.0,628495.3,0.0,0.0,0.0
1451,394,0.0,1611418.0,0.0,0.0,0.0
1451,532,0.0,0.0,0.0,0.0,0.0
1451,662,0.0,0.0,0.0,0.0,0.0
1451,663,0.0,0.0,0.0,0.0,0.0
1451,962,0.0,0.0,0.0,0.0,0.0
1453,363,4268932.0,31905.06,9106614.0,4268932.0,4268.932
1455,57,3663197.0,3663197.0,526150.6,3663197.0,3663.197
1455,308,526150.6,3663197.0,3663197.0,526150.6,526.1505999999999
1455,604,3663197.0,3663197.0,526150.6,3663197.0,3663.197
1456,221,5431228.0,552840.0,5543573.0,5431228.0,5431.228
1459,228,3706898.0,982478.0,2080854.0,3706898.0,3706.898
1462,511,1651655.0,507731.6,32429.12,1651655.0,1651.655
1465,990,133746.1,133746.1,94284.8,133746.1,133.7461
1466,202,477123.7,1598653.0,1195725.0,477123.7,477.1237
1466,748,477123.7,1598653.0,100436.8,477123.7,477.1237
1466,1030,477123.7,1598653.0,100436.8,477123.7,477.1237
1467,366,5245445.0,1073023.0,395701.2,5245445.0,5245.445
1470,2,300134.8,300134.8,300134.8,300134.8,300.1348
1471,9,941531.5,5975927.0,399729.5,941531.5,941.5315
1473,784,0.0,1611418.0,1393489.0,0.0,0.0
1474,100,3258674.0,3258674.0,2641900.0,3258674.0,3258.674
1477,708,364684.5,581302.6,48319070.0,364684.5,364.6845
1477,828,364684.5,48319070.0,19898460.0,364684.5,364.6845
1478,73,1759464.0,7137145.0,145661.6,1759464.0,1759.464
1479,141,514643.0,1676391.0,1397072.0,514643.0,514.643
1479,340,1676391.0,1397072.0,514643.0,1676391.0,1676.391
1481,609,4259770.0,1850512.0,11573320.0,4259770.0,4259.77
1489,42,146334.3,356925.0,10284100.0,146334.3,146.33429999999998
1489,586,4796.421,10284100.0,356925.0,4796.421,4.7964210000000005
1489,736,356925.0,146334.3,10284100.0,356925.0,356.925
1493,114,0.0,0.0,185205.7,0.0,0.0
1493,240,0.0,0.0,0.0,0.0,0.0
1493,338,0.0,0.0,0.0,0.0,0.0
1493,643,0.0,185205.7,0.0,0.0,0.0
1495,322,75985.88,477123.7,4603504.0,75985.88,75.98588000000001
1495,978,75985.88,477123.7,4603504.0,75985.88,75.98588000000001
1497,292,3997563.0,20379.18,1005421.0,3997563.0,3997.563
1503,531,49767.14,43939.9,426878.5,49767.13999999999,49.76713999999999
1504,557,50081960.0,20449.25,248723.6,50081960.0,50081.96
1506,208,1231408.0,1231408.0,1231408.0,1231408.0,1231.408
1509,8,115853.1,238273.4,4269392.0,115853.10000000002,115.85310000000003
1510,551,412113.4,2490019.0,2041414.0,412113.4000000001,412.11340000000007
1515,150,12257.62,160884.6,275076.3,12257.62,12.257620000000001
1516,1060,2709.81,1089589.0,471572.6,2709.81,2.70981
1522,766,5098473.0,1661961.0,3579131.0,5098473.0,5098.473
1524,585,42426.59,397548.5,2800.295,42426.59,42.42659
1525,227,30585.86,1357038.0,1680364.0,30585.86,30.58586
1527,173,2484492.0,35206.68,498057.8,2484492.0,2484.492
1528,530,443717.4,7913615.0,6751619.0,443717.4000000001,443.71740000000005
1530,98,119533.1,21610.39,1261404.0,119533.10000000002,119.53310000000002
1534,842,655668.4,0.0,715236.7,655668.4,655.6684
1535,702,5070453.0,3481345.0,2889204.0,5070453.0,5070.453
1537,55,15057450.0,32429.12,4602796.0,15057450.0,15057.45
1538,558,52902.66,1561607.0,1561607.0,52902.66,52.902660000000004
1540,44,21531850.0,12308050.0,881213.7,21531850.0,21531.85
1541,472,1941217.0,8186387.0,5872.999,1941217.0,1941.217
1541,772,2549643.0,302551.1,5872.999,2549643.0,2549.643
1547,862,2543.307,526429.6,6241.696,2543.307,2.543307
1551,493,224278.7,1595564.0,314418.3,224278.70000000004,224.27870000000004
1552,181,25791.25,1392547.0,1471668.0,25791.25,25.79125
1565,847,6777136.0,74675.14,10530790.0,6777136.0,6777.136
1572,177,1384419.0,1687439.0,212783.8,1384419.0,1384.419
1575,1029,672.2377,1313366.0,125568.2,672.2377,0.6722377
1577,768,14962.58,81010.05,3112004.0,14962.58,14.962579999999999
1580,480,44836.73,11029810.0,113540.7,44836.73,44.83673
1590,563,767261.1,2104750.0,20691290.0,767261.1,767.2610999999999
1595,1025,801713.3,278660.9,51568.56,801713.3000000002,801.7133000000001
1598,196,477123.7,75985.88,1195725.0,477123.7,477.1237
1602,282,168152.8,13196.01,63101.77,168152.8,168.15279999999998
1602,333,31922.91,63101.77,168152.8,31922.91,31.922909999999998
1602,758,168152.8,31922.91,63101.77,168152.8,168.15279999999998
1609,291,606726.4,34127.04,707792.6,606726.4,606.7264
1610,899,16833620.0,26486.84,2627298.0,16833620.0,16833.62
1616,189,644877.8,5898861.0,231601.6,644877.8,644.8778000000001
1624,709,7107385.0,2418455.0,2418455.0,7107385.0,7107.385
1633,661,5431456.0,12508.22,195845.8,5431456.0,5431.456
1660,210,12911910.0,89814.84,224278.7,12911910.0,12911.91
1682,77,939024.9,1439996.0,842193.3,939024.9,939.0249
1729,325,1433755.0,16426820.0,378654.0,1433755.0,1433.755
