OBJECTID,IN_FID,NEAR_FID,NEAR_DIST,NEAR_RANK
1,1,620,385.934067,1
2,1,616,1459.495912,2
3,1,612,1563.663983,3
4,2,1763,641.784439,1
5,2,1550,1072.159587,2
6,2,1470,1271.475984,3
7,3,608,306.775852,1
8,3,638,1126.069929,2
9,3,594,1216.874268,3
10,4,986,241.238517,1
11,4,1101,2082.597601,2
12,4,1099,2105.844466,3
13,5,27,1082.450448,1
14,5,23,1676.204045,2
15,5,13,2107.878503,3
16,6,646,349.273526,1
17,6,639,3076.063695,2
18,6,685,3460.65921,3
19,7,1219,1446.892714,1
20,7,969,1626.335057,2
21,7,935,1825.522201,3
22,8,1509,1840.157311,1
23,8,1642,2621.608625,2
24,8,1641,4585.778524,3
25,9,1614,4037.347929,1
26,9,1613,5517.438251,2
27,9,1471,5654.227866,3
28,10,1769,1895.734133,1
29,10,1507,3906.378453,2
30,10,1366,4231.860972,3
31,11,1345,952.472051,1
32,11,1556,3632.482758,2
33,11,1598,6068.670022,3
34,12,335,2691.329796,1
35,12,415,3673.318854,2
36,12,414,3700.153855,3
37,13,812,1979.265651,1
38,13,846,2213.105657,2
39,13,820,2736.441933,3
40,14,739,835.578613,1
41,14,772,957.644595,2
42,14,754,2065.890072,3
43,15,736,2210.71137,1
44,15,706,3245.918499,2
45,15,720,3316.909711,3
46,16,378,701.593627,1
47,16,265,941.152389,2
48,16,368,1098.571437,3
49,17,1215,2674.590055,1
50,17,967,5198.069375,2
51,17,936,6534.10876,3
52,18,1096,2069.075479,1
53,18,1220,2230.211363,2
54,18,1009,2474.378375,3
55,19,1613,2188.543542,1
56,19,1614,2821.508,2
57,19,1367,5185.366831,3
58,20,807,1823.171143,1
59,20,709,1996.315397,2
60,20,830,2121.896874,3
61,21,725,1283.49837,1
62,21,847,4638.97653,2
63,21,782,4730.541454,3
64,22,249,339.081517,1
65,22,258,339.081517,1
66,22,259,339.081517,1
67,23,391,683.554832,1
68,23,389,893.833161,2
69,23,348,1587.085724,3
70,24,1014,946.519703,1
71,24,1260,1999.791431,2
72,24,1262,2041.690655,3
73,25,1521,1243.53916,1
74,25,1319,1863.650915,2
75,25,1318,2020.506678,3
76,26,1473,1986.007741,1
77,26,1500,5246.037563,2
78,26,1451,6143.626938,3
79,27,1677,371.099918,1
80,27,1377,1170.952936,2
81,27,1685,1357.503544,3
82,28,942,1276.6898,1
83,28,940,3243.674813,2
84,28,1060,3924.56553,3
85,29,343,822.878672,1
86,29,344,882.89286,2
87,29,354,1400.692949,3
88,30,1287,295.697052,1
89,30,1134,4243.486425,2
90,30,1275,4959.820752,3
91,31,895,979.279629,1
92,31,914,2598.222318,2
93,31,858,4516.238335,3
94,32,861,873.647143,1
95,32,905,1727.310139,2
96,32,901,2140.043576,3
97,33,924,5171.473886,1
98,33,923,16306.30161,2
99,33,928,17010.36549,3
100,34,467,600.08762,1
101,34,471,2259.576198,2
102,34,470,3706.728064,3
103,35,469,163.21847,1
104,35,472,2783.095041,2
105,35,470,3359.839251,3
106,36,873,992.511989,1
107,36,910,1318.794923,2
108,36,905,1606.767617,3
109,37,50,1163.416841,1
110,37,150,2377.708002,2
111,37,76,5611.370716,3
112,38,1468,1101.080063,1
113,38,1582,6989.685671,2
114,38,1333,7310.060438,3
115,39,1314,1370.534501,1
116,39,1639,9027.818986,2
117,39,1555,9965.655076,3
118,40,971,57.236901,1
119,40,1090,1945.475656,2
120,40,973,3917.93096,3
121,41,638,24.110836,1
122,41,594,1271.476051,2
123,41,608,1313.200352,3
124,42,1490,301.076891,1
125,42,1489,1521.97708,2
126,42,1491,4908.004138,3
127,43,984,1291.833988,1
128,43,1104,1749.820604,2
129,43,1230,2307.291559,3
130,44,1540,1376.135246,1
131,44,1621,5755.323546,2
132,44,1688,8056.165853,3
133,45,81,672.586715,1
134,45,137,1678.691525,2
135,45,138,1692.079836,3
136,46,165,852.641935,1
137,46,128,2519.765168,2
138,46,127,2705.296454,3
139,47,1588,3313.844207,1
140,47,1625,4024.888384,2
141,47,1384,4503.241256,3
142,48,639,998.767937,1
143,48,685,1060.084535,2
144,48,633,3245.558151,3
145,49,624,2974.89345,1
146,49,615,3226.038256,2
147,49,625,4268.405029,3
148,50,299,233.553449,1
149,50,305,682.088831,2
150,50,306,1446.543038,3
151,51,1583,303.960215,1
152,51,1573,4550.763399,2
153,51,1416,6887.053217,3
154,52,119,89.510517,1
155,52,109,2158.961837,2
156,52,20,6870.04833,3
157,53,1283,520.150097,1
158,53,1052,1532.131473,2
159,53,1159,1848.44823,3
160,54,1533,552.72921,1
161,54,1381,2891.852725,2
162,54,1448,5695.423578,3
163,55,1561,2656.992993,1
164,55,1537,3690.408017,2
165,55,1756,4343.123999,3
166,56,1065,2251.030029,1
167,56,1070,5575.407889,2
168,56,1192,8731.360904,3
169,57,1520,372.455023,1
170,57,1455,649.907251,2
171,57,1748,1654.212359,3
172,58,440,206.357713,1
173,58,441,978.40111,2
174,58,439,983.801021,3
175,59,438,3131.914732,1
176,59,437,9071.129676,2
177,59,468,10980.8592,3
178,60,538,157.76559,1
179,60,444,1010.687929,2
180,60,586,2265.936396,3
181,61,483,1964.257109,1
182,61,484,6279.058037,2
183,61,427,8222.887502,3
184,62,364,820.899509,1
185,62,365,2803.478533,2
186,62,294,7287.976368,3
187,63,1415,1552.591301,1
188,63,1496,5306.351379,2
189,63,1752,5934.646151,3
190,64,174,1899.278198,1
191,64,176,11173.07962,2
192,64,177,11722.89488,3
193,65,355,291.543974,1
194,65,354,1965.224742,2
195,65,343,2018.580847,3
196,66,587,812.912953,1
197,66,667,1910.819488,2
198,66,686,2046.113714,3
199,67,1636,458.134043,1
200,67,1725,3415.765143,2
201,67,1362,4114.993287,3
202,68,958,3961.54163,1
203,68,1209,9400.559606,2
204,68,957,13377.13976,3
205,69,249,867.616419,1
206,69,258,867.616419,1
207,69,259,867.616419,1
208,70,25,523.626854,1
209,70,62,614.364898,2
210,70,26,1495.054027,3
211,71,954,2390.729858,1
212,71,1200,7348.693261,2
213,71,952,8670.578376,3
214,72,20,2828.015629,1
215,72,119,6196.031767,2
216,72,109,7784.076725,3
217,73,1656,3830.234356,1
218,73,1665,4004.847051,2
219,73,1478,6194.705999,3
220,74,339,1062.723872,1
221,74,336,1064.882714,2
222,74,326,3202.382244,3
223,75,1588,107.668717,1
224,75,1384,2222.922436,2
225,75,1739,3036.61721,3
226,76,1306,1721.4084,1
227,76,1446,1739.597644,2
228,76,1680,1961.123227,3
229,77,1778,3611.650649,1
230,77,1697,5057.369249,2
231,77,1682,11523.43097,3
232,78,162,264.206652,1
233,78,139,1144.696107,2
234,78,126,1302.76816,3
235,79,15,211.827164,1
236,79,99,637.388789,2
237,79,87,1164.430493,3
238,80,224,652.528715,1
239,80,222,1322.954784,2
240,80,223,2110.939376,3
241,81,1413,146.353644,1
242,81,1388,2839.075905,2
243,81,1503,5038.55732,3
244,82,1421,1221.239455,1
245,82,1616,2622.538931,2
246,82,1547,3117.162172,3
247,83,687,131.496543,1
248,83,625,749.849209,2
249,83,617,1789.841056,3
250,84,119,455.60853,1
251,84,109,2308.349131,2
252,84,20,6636.662448,3
253,85,414,700.040115,1
254,85,415,1210.408339,2
255,85,416,2087.904021,3
256,86,650,315.158855,1
257,86,684,3232.4966,2
258,86,698,4825.471782,3
259,87,134,464.707071,1
260,87,140,2803.001861,2
261,87,2,3452.212684,3
262,88,1214,1390.510201,1
263,88,976,3699.486007,2
264,88,1224,4188.610721,3
265,89,828,1516.021865,1
266,89,808,1688.727543,2
267,89,749,2330.14982,3
268,90,1717,315.528719,1
269,90,1447,4325.43982,2
270,90,1691,5386.992019,3
271,91,619,1404.234459,1
272,91,623,3575.163423,2
273,91,618,4801.912762,3
274,92,1274,526.854305,1
275,92,1018,1821.52369,2
276,92,1147,3807.305983,3
277,93,1154,425.479264,1
278,93,1272,1514.415524,2
279,93,1267,2908.602103,3
280,94,251,5804.538065,1
281,94,186,14751.95389,2
282,94,260,14751.95389,2
283,95,1694,248.804573,1
284,95,1750,1196.786284,2
285,95,1351,4288.092097,3
286,96,725,2035.916334,1
287,96,782,3519.361024,2
288,96,847,5613.015772,3
289,97,628,77.87993,1
290,97,621,1074.203052,2
291,97,682,1910.275254,3
292,98,1530,178.698187,1
293,98,1737,1604.762815,2
294,98,1655,3859.169157,3
295,99,1471,2533.514145,1
296,99,1614,5307.573975,2
297,99,1323,6794.273519,3
298,100,1474,621.807043,1
299,100,1716,1143.519471,2
300,100,1659,2455.877025,3
301,101,373,703.520364,1
302,101,322,4934.137409,2
303,101,324,6205.686211,3
304,102,1278,4351.419397,1
305,102,1148,4746.773943,2
306,102,1047,7290.238657,3
307,103,151,724.047197,1
308,103,23,1046.785378,2
309,103,136,1440.048502,3
310,104,160,1395.167978,1
311,104,131,11587.27459,2
312,104,10,12402.04289,3
313,105,66,2796.007708,1
314,105,120,3322.438782,2
315,105,12,4248.89882,3
316,106,1562,459.323529,1
317,106,1369,6290.614362,2
318,106,1645,6908.799631,3
319,107,1347,1614.216842,1
320,107,1494,3539.149581,2
321,107,1554,4192.9362,3
322,108,287,751.520232,1
323,108,288,4019.255132,2
324,108,284,9048.240562,3
325,109,338,2555.632448,1
326,109,325,2641.379261,2
327,109,336,7758.461426,3
328,110,986,756.017379,1
329,110,1101,1110.206685,2
330,110,1099,2066.365337,3
331,111,1228,893.604517,1
332,111,1217,1501.65108,2
333,111,975,3348.127005,3
334,112,374,6657.010567,1
335,112,333,9218.669395,2
336,112,413,10159.88631,3
337,113,1042,836.579361,1
338,113,1052,1572.767361,2
339,113,1283,2104.115193,3
340,114,1493,831.607594,1
341,114,1640,1560.52446,2
342,114,1698,1776.432045,3
343,115,291,966.430643,1
344,115,390,1211.938716,2
345,115,391,1959.935429,3
346,116,1497,3672.690556,1
347,116,1400,6462.574302,2
348,116,1614,8031.584636,3
349,117,50,386.076776,1
350,117,150,3245.213291,2
351,117,76,7159.473829,3
352,118,645,892.432722,1
353,118,678,2937.410351,2
354,118,620,3329.509256,3
355,119,269,3614.230244,1
356,119,268,4067.210359,2
357,119,422,4067.210359,2
358,120,744,1437.916892,1
359,120,796,2066.902251,2
360,120,814,2289.914724,3
361,121,1751,1839.286167,1
362,121,1428,6093.780944,2
363,121,1445,8452.038574,3
364,122,287,539.931799,1
365,122,288,4347.386728,2
366,122,285,9065.354686,3
367,123,102,130.896371,1
368,123,36,1304.374578,2
369,123,153,1344.92094,3
370,124,385,1098.429526,1
371,124,382,2932.380988,2
372,124,277,5328.336825,3
373,125,1747,846.371638,1
374,125,1353,2168.889407,2
375,125,1541,4112.22469,3
376,126,1348,770.873826,1
377,126,1439,4728.222729,2
378,126,1411,5968.224821,3
379,127,8,4501.914578,1
380,127,155,6430.240176,2
381,127,1320,12146.76118,3
382,128,309,1276.921649,1
383,128,307,3457.284819,2
384,128,308,13233.37108,3
385,129,608,819.681447,1
386,129,594,1195.77862,2
387,129,638,1736.431935,3
388,130,625,742.29737,1
389,130,687,953.138842,2
390,130,617,1117.462849,3
391,131,393,1610.902142,1
392,131,293,2454.368089,2
393,131,394,2598.171058,3
394,132,606,1192.928637,1
395,132,610,1453.029811,2
396,132,611,1746.009021,3
397,133,1050,1845.55038,1
398,133,1271,4414.936961,2
399,133,1144,5145.395983,3
400,134,184,12687.92767,1
401,134,186,13699.5613,2
402,134,260,13699.5613,2
403,135,254,936.77119,1
404,135,194,1858.395906,2
405,135,248,2992.83843,3
406,136,687,890.07926,1
407,136,617,1125.261597,2
408,136,625,1205.06421,3
409,137,599,1868.190985,1
410,137,636,2034.144656,2
411,137,605,2992.805658,3
412,138,352,108.762324,1
413,138,351,411.282007,2
414,138,353,712.325316,3
415,139,250,3321.825832,1
416,139,200,3814.766072,2
417,139,247,5305.284221,3
418,140,1086,3204.466653,1
419,140,960,4945.674146,2
420,140,1206,5572.183078,3
421,141,1479,128.126668,1
422,141,1750,7077.900983,2
423,141,1694,7384.156998,3
424,142,628,1126.915857,1
425,142,621,2126.832496,2
426,142,682,2971.883064,3
427,143,1539,654.208115,1
428,143,1310,1533.994716,2
429,143,1657,2296.978955,3
430,144,47,371.614559,1
431,144,1,3123.62015,2
432,144,54,3494.885963,3
433,145,1365,77.189853,1
434,145,1632,2047.104979,2
435,145,1373,6605.177995,3
436,146,777,1014.083188,1
437,146,795,1316.021758,2
438,146,723,2104.894508,3
439,147,600,2063.568312,1
440,147,651,2964.068491,2
441,147,641,3629.305408,3
442,148,255,3008.320826,1
443,148,252,3541.436749,2
444,148,253,4913.998001,3
445,149,250,1289.141132,1
446,149,252,3124.359656,2
447,149,256,3141.153815,3
448,150,1515,2541.030567,1
449,150,1699,2893.155887,2
450,150,1779,5083.782036,3
451,151,327,482.097442,1
452,151,411,3310.830243,2
453,151,328,3888.87233,3
454,152,133,200.90854,1
455,152,132,7176.316081,2
456,152,103,8405.386833,3
457,153,1028,1163.261561,1
458,153,1045,2164.594884,2
459,153,1049,2945.191552,3
460,154,1703,1848.009462,1
461,154,1384,2068.220721,2
462,154,1588,2536.823911,3
463,155,1391,2060.70776,1
464,155,1464,3227.784726,2
465,155,1402,5112.536472,3
466,156,832,2067.822579,1
467,156,791,2672.840855,2
468,156,798,3908.492242,3
469,157,839,1487.916198,1
470,157,823,2966.853074,2
471,157,742,3490.392364,3
472,158,116,934.934044,1
473,158,121,1397.465646,2
474,158,46,3307.293872,3
475,159,827,1236.963335,1
476,159,841,1634.140137,2
477,159,759,1798.807491,3
478,160,593,1720.047923,1
479,160,676,2161.089692,2
480,160,642,3168.422155,3
481,161,397,2165.187375,1
482,161,279,2420.643775,2
483,161,278,3194.554521,3
484,162,622,420.077636,1
485,162,681,3827.968013,2
486,162,665,3893.078051,3
487,163,1379,664.319291,1
488,163,1604,1124.695441,2
489,163,1687,1526.76868,3
490,164,729,872.89174,1
491,164,714,3307.073981,2
492,164,850,5325.342043,3
493,165,949,1368.385427,1
494,165,1187,7350.932906,2
495,165,946,9417.359677,3
496,166,692,165.1639,1
497,166,634,923.183845,2
498,166,670,1243.883884,3
499,167,15,71.606096,1
500,167,99,828.331818,2
501,167,87,1324.017682,3
502,168,1689,2476.442096,1
503,168,1690,3690.289391,2
504,168,1443,10967.66474,3
505,169,1223,1223.887981,1
506,169,966,1932.292156,2
507,169,1221,2729.133341,3
508,170,159,1917.593655,1
509,170,4,3591.703375,2
510,170,168,4281.26488,3
511,171,843,1989.392985,1
512,171,718,4086.524538,2
513,171,803,5180.655995,3
514,172,669,323.45229,1
515,172,660,2487.201754,2
516,172,595,2761.99626,3
517,173,1712,4016.044164,1
518,173,1773,6639.634746,2
519,173,1527,10296.90656,3
520,174,846,210.667083,1
521,174,732,1129.954166,2
522,174,734,1261.845438,3
523,175,22,254.211684,1
524,175,14,2232.426568,2
525,175,31,2758.604063,3
526,176,1305,5394.60595,1
527,176,1337,6172.132652,2
528,176,1570,7373.252538,3
529,177,1676,2161.620002,1
530,177,1589,2468.027221,2
531,177,1572,3291.320545,3
532,178,9,1722.147849,1
533,178,22,4247.88745,2
534,178,150,5945.30533,3
535,179,1403,451.659696,1
536,179,1386,842.506496,2
537,179,1359,1226.838265,3
538,180,805,2082.503505,1
539,180,792,2741.770503,2
540,180,817,3047.463747,3
541,181,1587,4601.228365,1
542,181,1670,8356.739718,2
543,181,1552,8677.021542,3
544,182,1063,385.638294,1
545,182,1180,8697.757699,2
546,182,1171,9362.53793,3
547,183,1296,201.295323,1
548,183,1051,1927.83404,2
549,183,1259,2681.523637,3
550,184,1141,1566.595848,1
551,184,1041,3495.085682,2
552,184,721,3973.148394,3
553,185,1219,1058.617013,1
554,185,1218,1464.548655,2
555,185,969,1915.815196,3
556,186,1008,1486.05503,1
557,186,1220,2202.792542,2
558,186,1005,2738.63517,3
559,187,972,1512.039815,1
560,187,1090,1858.506459,2
561,187,976,3507.773425,3
562,188,689,346.712822,1
563,188,696,3365.016353,2
564,188,629,4152.027085,3
565,189,1741,2450.356533,1
566,189,1627,3360.768256,2
567,189,1616,5536.85961,3
568,190,1364,6962.942812,1
569,190,1367,7412.293027,2
570,190,1519,7864.993576,3
571,191,1022,3065.956341,1
572,191,1149,4157.812478,2
573,191,1024,5940.020303,3
574,192,1367,6516.561844,1
575,192,1519,6840.819196,2
576,192,1364,8011.44709,3
577,193,236,689.606384,1
578,193,257,689.606384,1
579,193,196,3422.774311,2
580,194,1414,1340.176694,1
581,194,1308,1961.882339,2
582,194,1349,2433.006355,3
583,195,1137,4137.399349,1
584,195,1278,5028.837659,2
585,195,1026,7845.012821,3
586,196,1598,1815.73099,1
587,196,1664,3334.536593,2
588,196,1710,4419.160082,3
589,197,1313,1709.644531,1
590,197,1370,2925.73945,2
591,197,1568,3762.083923,3
592,198,1508,1315.972725,1
593,198,1593,1440.882814,2
594,198,1389,1993.644007,3
595,199,1135,2415.288662,1
596,199,1039,6734.528236,2
597,199,712,8067.172724,3
598,200,1508,2670.728361,1
599,200,1593,2935.061573,2
600,200,1322,3112.467402,3
601,201,1372,1981.428087,1
602,201,1458,5335.220385,2
603,201,1364,6258.610638,3
604,202,1598,2447.50503,1
605,202,1466,3704.215232,2
606,202,1710,3771.599848,3
607,203,112,1716.568549,1
608,203,152,1728.57232,2
609,203,161,3332.620493,3
610,204,1142,2176.181962,1
611,204,1143,7298.350504,2
612,204,1145,7612.729714,3
613,205,226,2537.880463,1
614,205,228,3978.01171,2
615,205,233,4684.146194,3
616,206,1213,1923.220885,1
617,206,1186,3451.047125,2
618,206,1189,4270.205531,3
619,207,750,2911.957378,1
620,207,813,5003.682449,2
621,207,776,5953.76412,3
622,208,1662,814.410034,1
623,208,1513,1668.016698,2
624,208,1506,1912.850623,3
625,209,1667,1106.355535,1
626,209,1777,6290.160876,2
627,209,1322,6430.446378,3
628,210,1683,2767.994272,1
629,210,1726,4959.162771,2
630,210,1660,5544.16716,3
631,211,358,301.416381,1
632,211,356,2629.376587,2
633,211,357,3208.590586,3
634,212,1521,677.473574,1
635,212,1319,1685.209747,2
636,212,1318,1982.31887,3
637,213,1280,2293.588173,1
638,213,1284,3619.096878,2
639,213,1128,3635.523137,3
640,214,97,1989.552083,1
641,214,75,4232.546617,2
642,214,163,9295.750535,3
643,215,1463,862.62317,1
644,215,1476,4892.320035,2
645,215,1321,9134.106384,3
646,216,147,548.65819,1
647,216,91,563.351411,2
648,216,156,1225.885773,3
649,217,339,821.558855,1
650,217,326,1975.018838,2
651,217,336,2910.299965,3
652,218,303,289.951136,1
653,218,301,1033.797189,2
654,218,302,1921.006591,3
655,219,649,264.808371,1
656,219,588,2086.358027,2
657,219,603,3007.920073,3
658,220,962,4205.552854,1
659,220,1066,7545.173469,2
660,220,959,9391.96275,3
661,221,1596,1765.847422,1
662,221,1482,4340.569527,2
663,221,1456,5824.784074,3
664,222,1061,5261.397183,1
665,222,1175,5267.081867,2
666,222,1068,5414.732405,3
667,223,1203,3517.340848,1
668,223,1078,6109.784041,2
669,223,1198,8916.746086,3
670,224,1451,1909.878203,1
671,224,1519,7051.369923,2
672,224,1500,7416.7104,3
673,225,418,1174.700555,1
674,225,421,1504.422516,2
675,225,420,1556.598614,3
676,226,789,236.123018,1
677,226,740,6331.381435,2
678,226,705,7275.953738,3
679,227,1721,440.914283,1
680,227,1526,4705.697666,2
681,227,1525,4998.979919,3
682,228,1617,591.485582,1
683,228,1459,4171.495172,2
684,228,1724,4952.034728,3
685,229,1433,2097.285691,1
686,229,1460,3432.384837,2
687,229,1339,5556.388574,3
688,230,1673,824.256605,1
689,230,1307,1548.086491,2
690,230,1608,2569.687329,3
691,231,252,1987.928355,1
692,231,250,3845.029804,2
693,231,255,4054.065168,3
694,232,663,3289.031942,1
695,232,654,3511.945876,2
696,232,612,3614.446769,3
697,233,1673,555.689068,1
698,233,1307,1518.778726,2
699,233,1608,2301.025567,3
700,234,339,639.763574,1
701,234,336,1540.706233,2
702,234,326,2737.107643,3
703,235,1457,497.443846,1
704,235,1299,1416.743801,2
705,235,1492,1907.072507,3
706,236,620,940.213928,1
707,236,612,1145.346962,2
708,236,616,1983.539566,3
709,237,165,880.573443,1
710,237,128,2638.415049,2
711,237,127,2694.596321,3
712,238,31,1802.155367,1
713,238,14,2343.991816,2
714,238,130,2387.429706,3
715,239,1500,2066.62197,1
716,239,1380,2282.034843,2
717,239,1614,6302.055764,3
718,240,1640,571.68595,1
719,240,1564,1175.098714,2
720,240,1493,1266.309354,3
721,241,1393,1224.661426,1
722,241,1731,3768.032481,2
723,241,1360,5069.378892,3
724,242,221,555.823335,1
725,242,219,1121.695163,2
726,242,230,2724.285775,3
727,243,1273,3178.939721,1
728,243,1145,3224.038556,2
729,243,1163,3427.299876,3
730,244,296,544.929754,1
731,244,295,1439.566768,2
732,244,297,2999.713171,3
733,245,709,1591.875379,1
734,245,708,1705.638597,2
735,245,794,4023.284942,3
736,246,979,478.591398,1
737,246,981,1745.210817,2
738,246,980,1975.087469,3
739,247,1360,87.971201,1
740,247,1650,5910.251927,2
741,247,1393,6211.697449,3
742,248,589,431.282797,1
743,248,668,1754.267172,2
744,248,694,2685.636069,3
745,249,644,783.68567,1
746,249,648,938.347152,2
747,249,609,942.248302,3
748,250,1183,980.191584,1
749,250,1072,2381.081124,2
750,250,1055,2803.309028,3
751,251,780,1455.625715,1
752,251,726,2006.994542,2
753,251,818,2547.883357,3
754,252,191,7655.408083,1
755,252,213,8834.266338,2
756,252,175,10885.45,3
757,253,1176,5996.229557,1
758,253,1063,6973.950492,2
759,253,943,9423.488455,3
760,254,1487,3413.839055,1
761,254,1396,7010.075399,2
762,254,1591,7551.36685,3
763,255,735,3812.819869,1
764,255,824,6265.629682,2
765,255,783,6918.838185,3
766,256,1109,1728.522305,1
767,256,760,5129.20106,2
768,256,771,6514.685125,3
769,257,1304,3530.996513,1
770,257,1668,5745.392211,2
771,257,1619,6841.890107,3
772,258,1769,2041.347591,1
773,258,1765,3386.617688,2
774,258,1366,4270.928588,3
775,259,774,1386.312198,1
776,259,802,1493.018371,2
777,259,765,1976.230863,3
778,260,1380,2386.5994,1
779,260,1347,3043.375853,2
780,260,1323,3365.512859,3
781,261,1614,829.416964,1
782,261,1380,4662.501022,2
783,261,1471,4973.827662,3
784,262,707,727.187649,1
785,262,853,1244.103028,2
786,262,710,2117.101185,3
787,263,1269,2016.766084,1
788,263,1166,2154.59829,2
789,263,1158,2325.371415,3
790,264,388,4183.93589,1
791,264,350,4376.592818,2
792,264,387,4818.568917,3
793,265,275,1306.862155,1
794,265,273,3721.060931,2
795,265,419,4019.121705,3
796,266,998,620.721329,1
797,266,989,664.982142,2
798,266,990,1596.594005,3
799,267,799,1818.986843,1
800,267,849,2727.058821,2
801,267,764,3192.99626,3
802,268,1541,660.056171,1
803,268,1353,1667.738375,2
804,268,1545,2033.014427,3
805,269,232,409.117765,1
806,269,229,585.206564,2
807,269,230,689.66676,3
808,270,1228,1205.835572,1
809,270,1217,1832.178708,2
810,270,975,3067.084607,3
811,271,1439,271.580307,1
812,271,1348,5065.879144,2
813,271,1669,7336.365388,3
814,272,1205,220.389913,1
815,272,1240,4720.555162,2
816,272,934,5354.999257,3
817,273,182,491.689872,1
818,273,185,3380.100466,2
819,273,183,5244.051071,3
820,274,107,2003.251333,1
821,274,30,2115.586387,2
822,274,6,2711.965216,3
823,275,1062,5121.50708,1
824,275,1064,6178.531772,2
825,275,1182,6187.296164,3
826,276,204,115.926563,1
827,276,203,18213.72003,2
828,276,205,19280.15087,3
829,277,810,1240.12093,1
830,277,821,1655.485082,2
831,277,811,1859.617651,3
832,278,341,711.043395,1
833,278,346,1037.689865,2
834,278,342,1267.5519,3
835,279,36,181.980489,1
836,279,42,528.119911,2
837,279,3,592.54566,3
838,280,1055,1307.405356,1
839,280,1183,3575.894772,2
840,280,1235,4137.241046,3
841,281,124,1181.619485,1
842,281,92,1941.154998,2
843,281,167,2334.479943,3
844,282,1603,408.35032,1
845,282,1645,2527.716558,2
846,282,1602,2648.487469,3
847,283,1037,1259.286369,1
848,283,1054,1967.804596,2
849,283,1162,2829.240675,3
850,284,79,838.029905,1
851,284,80,2413.800024,2
852,284,152,2905.204012,3
853,285,184,12687.92767,1
854,285,186,13699.5613,2
855,285,260,13699.5613,2
856,286,941,1136.914342,1
857,286,944,5430.148313,2
858,286,1068,5890.783526,3
859,287,1193,3016.349747,1
860,287,1074,5472.945129,2
861,287,1056,6611.630543,3
862,288,339,43.052316,1
863,288,336,2062.733274,2
864,288,326,2406.859019,3
865,289,974,1406.226615,1
866,289,1219,1612.113285,2
867,289,935,2165.973091,3
868,290,1347,2380.579372,1
869,290,1380,3137.114569,2
870,290,1323,3876.019913,3
871,291,1743,385.474149,1
872,291,1649,4654.120068,2
873,291,1609,5031.67861,3
874,292,1497,2211.410281,1
875,292,1770,5854.888915,2
876,292,1619,8126.9355,3
877,293,235,1030.197757,1
878,293,233,8127.563602,2
879,293,226,8551.46832,3
880,294,1220,532.24697,1
881,294,1216,1596.953959,2
882,294,1096,1783.698064,3
883,295,684,114.604043,1
884,295,650,2952.878678,2
885,295,633,3908.953721,3
886,296,1484,318.556945,1
887,296,1483,574.897482,2
888,296,1419,1340.244637,3
889,297,816,1277.466929,1
890,297,722,1430.272636,2
891,297,856,1432.647436,3
892,298,1132,791.230565,1
893,298,1133,838.990514,2
894,298,1247,1328.386952,3
895,299,1012,642.318401,1
896,299,1263,678.441038,2
897,299,1261,810.768024,3
898,300,366,327.777403,1
899,300,367,1325.942007,2
900,300,369,1799.739021,3
901,301,380,842.827918,1
902,301,361,1035.967701,2
903,301,377,1328.622375,3
904,302,27,1047.39712,1
905,302,13,1656.642368,2
906,302,46,2057.86876,3
907,303,1009,897.314823,1
908,303,1096,3118.79661,2
909,303,1008,3259.876091,3
910,304,1403,101.675393,1
911,304,1386,936.590142,2
912,304,1359,1178.231031,3
913,305,1534,712.617831,1
914,305,1346,1506.217087,2
915,305,1611,1638.961133,3
916,306,138,404.092306,1
917,306,137,410.563341,2
918,306,81,2670.412336,3
919,307,1529,309.686603,1
920,307,1324,1394.098769,2
921,307,1740,1965.252561,3
922,308,1748,1200.842633,1
923,308,1520,2230.058805,2
924,308,1455,2238.18986,3
925,309,1492,868.723998,1
926,309,1299,1317.616438,2
927,309,1457,2258.599119,3
928,310,1083,6617.260776,1
929,310,961,8281.732308,2
930,310,1208,10221.82517,3
931,311,1431,2296.153456,1
932,311,1327,2753.163255,2
933,311,1449,3029.628851,3
934,312,1497,5102.052552,1
935,312,1400,5965.628912,2
936,312,1614,6602.733394,3
937,313,993,417.700282,1
938,313,992,438.57135,2
939,313,997,778.304798,3
940,314,708,1551.463421,1
941,314,709,1738.761748,2
942,314,794,3913.906771,3
943,315,716,1971.318605,1
944,315,822,2227.07988,2
945,315,738,3172.011055,3
946,316,1485,1293.199047,1
947,316,1316,1357.39004,2
948,316,1480,1665.003084,3
949,317,820,1157.843118,1
950,317,788,1175.018274,2
951,317,786,1437.545246,3
952,318,1293,1793.372373,1
953,318,1157,3001.673436,2
954,318,1286,4441.988873,3
955,319,266,1642.722277,1
956,319,267,2083.609235,2
957,319,270,2451.86494,3
958,320,834,1928.782836,1
959,320,746,2292.698292,2
960,320,826,2980.661337,3
961,321,1175,3685.753075,1
962,321,1061,4248.505202,2
963,321,1068,6769.413763,3
964,322,1664,2168.854054,1
965,322,1598,3510.139507,2
966,322,1495,6007.644013,3
967,323,793,1136.589304,1
968,323,713,7028.852698,2
969,323,819,8806.679035,3
970,324,1293,830.722165,1
971,324,1157,2134.949345,2
972,324,1286,3277.710181,3
973,325,1729,2256.615856,1
974,325,1730,2305.82283,2
975,325,1735,4281.922146,3
976,326,1458,827.240048,1
977,326,1366,5246.049056,2
978,326,1507,5644.594014,3
979,327,114,1737.310155,1
980,327,96,2007.368289,2
981,327,28,2066.176323,3
982,328,946,851.132775,1
983,328,951,2861.689461,2
984,328,1077,3271.524876,3
985,329,1361,2490.195072,1
986,329,1667,4070.31175,2
987,329,1635,4106.103871,3
988,330,688,4495.866051,1
989,330,655,4690.528614,2
990,330,662,4873.329996,3
991,331,101,3017.335928,1
992,331,21,4931.178621,2
993,331,56,5160.770254,3
994,332,703,438.194849,1
995,332,711,4931.283681,2
996,332,1231,9037.744436,3
997,333,1605,1116.517656,1
998,333,1602,3387.95608,2
999,333,1603,3703.6044,3
1000,334,232,184.625802,1
1001,334,230,517.966813,2
1002,334,229,873.339179,3
1003,335,178,871.491878,1
1004,335,169,1269.583925,2
1005,335,214,1681.553682,3
1006,336,1353,821.081152,1
1007,336,1747,1564.249359,2
1008,336,1541,3032.379707,3
1009,337,1446,1640.403726,1
1010,337,1306,1696.749411,2
1011,337,1680,2061.50109,3
1012,338,1640,788.153617,1
1013,338,1493,1000.366307,2
1014,338,1564,1297.177421,3
1015,339,181,646.444703,1
1016,339,180,1323.307008,2
1017,339,169,1934.517064,3
1018,340,1750,1767.726733,1
1019,340,1694,2317.274093,2
1020,340,1479,5340.091057,3
1021,341,156,116.599795,1
1022,341,147,1308.424106,2
1023,341,91,1816.721511,3
1024,342,94,321.312047,1
1025,342,11,1112.805768,2
1026,342,16,1685.811841,3
1027,343,53,381.683641,1
1028,343,164,1705.109141,2
1029,343,24,2083.589927,3
1030,344,304,1020.832984,1
1031,344,300,1226.081072,2
1032,344,302,2237.751977,3
1033,345,670,248.948441,1
1034,345,692,1444.833007,2
1035,345,634,1748.761257,3
1036,346,1023,1393.374523,1
1037,346,1152,4600.538294,2
1038,346,1281,5169.109763,3
1039,347,1004,1554.905126,1
1040,347,1226,2225.977068,2
1041,347,1120,2594.241791,3
1042,348,747,4493.119273,1
1043,348,1237,5218.117574,2
1044,348,1100,5541.243434,3
1045,349,796,1042.940044,1
1046,349,841,1455.545833,2
1047,349,769,2059.529857,3
1048,350,769,724.428433,1
1049,350,796,1806.588725,2
1050,350,841,2035.216352,3
1051,351,1549,1816.102871,1
1052,351,1457,1990.010212,2
1053,351,1368,2079.222848,3
1054,352,250,2975.33531,1
1055,352,252,3024.779457,2
1056,352,255,4219.854988,3
1057,353,1071,2516.433894,1
1058,353,1095,6534.532389,2
1059,353,1184,7704.458241,3
1060,354,1417,375.569968,1
1061,354,1538,2668.138989,2
1062,354,1563,3111.911706,3
1063,355,17,568.650737,1
1064,355,149,2222.262509,2
1065,355,39,2825.219479,3
1066,356,25,386.894462,1
1067,356,62,705.161875,2
1068,356,26,837.436495,3
1069,357,123,274.130104,1
1070,357,115,685.625929,2
1071,357,90,1796.383637,3
1072,358,98,1317.921435,1
1073,358,73,2043.339695,2
1074,358,111,2669.614853,3
1075,359,989,656.758545,1
1076,359,1110,1621.329315,2
1077,359,998,1697.314972,3
1078,360,153,475.196179,1
1079,360,89,583.333694,2
1080,360,102,1023.66895,3
1081,361,166,1286.906418,1
1082,361,100,1842.539962,2
1083,361,691,2253.287759,3
1084,362,162,221.86894,1
1085,362,139,1069.208842,2
1086,362,126,1360.082282,3
1087,363,1681,562.449614,1
1088,363,1623,1250.743784,2
1089,363,1453,1286.407486,3
1090,364,1002,169.815338,1
1091,364,1003,424.490045,2
1092,364,1116,675.636646,3
1093,365,1742,629.810556,1
1094,365,1342,1834.838782,2
1095,365,1606,1985.954143,3
1096,366,1543,1091.546965,1
1097,366,1467,1435.828079,2
1098,366,1708,2235.137642,3
1099,367,709,642.334303,1
1100,367,807,2707.127162,2
1101,367,830,3495.442743,3
1102,368,1067,2343.358391,1
1103,368,1060,3612.512474,2
1104,368,942,4766.203041,3
1105,369,69,923.08306,1
1106,369,143,1547.188179,2
1107,369,7,1991.392063,3
1108,370,1745,3139.578769,1
1109,370,1622,8445.87625,2
1110,370,1434,9326.010139,3
1111,371,1243,817.159092,1
1112,371,994,1791.869099,2
1113,371,1111,1995.348733,3
1114,372,1032,3679.106903,1
1115,372,1288,4053.792404,2
1116,372,1048,5532.254926,3
1117,373,335,1274.26384,1
1118,373,334,4112.885703,2
1119,373,415,5031.510358,3
1120,374,198,3339.428347,1
1121,374,205,3467.630386,2
1122,374,199,5171.268219,3
1123,375,41,1273.978644,1
1124,375,40,1291.193325,2
1125,375,118,1949.062898,3
1126,376,1367,6744.833502,1
1127,376,1519,7319.554518,2
1128,376,1364,7617.424552,3
1129,377,1294,1645.683747,1
1130,377,1142,7642.790243,2
1131,377,757,8050.597572,3
1132,378,1050,2754.120686,1
1133,378,1271,3534.631288,2
1134,378,1150,5845.716924,3
1135,379,1142,6483.515421,1
1136,379,1030,6895.878167,2
1137,379,1294,7936.943804,3
1138,380,609,617.815452,1
1139,380,644,784.71787,2
1140,380,657,855.086463,3
1141,381,656,1188.975248,1
1142,381,637,1841.62752,2
1143,381,600,3903.889737,3
1144,382,1268,1479.999617,1
1145,382,1266,2061.849197,2
1146,382,1267,2514.046824,3
1147,383,36,536.44496,1
1148,383,3,631.96757,2
1149,383,29,950.199019,3
1150,384,1270,1593.971822,1
1151,384,1265,1836.289359,2
1152,384,1292,2056.996965,3
1153,385,1473,8350.243492,1
1154,385,1671,8469.25734,2
1155,385,1410,9563.471467,3
1156,386,1102,700.546315,1
1157,386,1106,825.685794,2
1158,386,978,5252.666268,3
1159,387,1412,685.202836,1
1160,387,1316,1483.638053,2
1161,387,1480,2029.221822,3
1162,388,1614,1220.046539,1
1163,388,1380,4354.397598,2
1164,388,1613,5399.441457,3
1165,389,239,1277.493484,1
1166,389,215,1448.920242,2
1167,389,216,1892.170365,3
1168,390,1723,2638.053185,1
1169,390,1746,3271.405041,2
1170,390,1321,4620.90495,3
1171,391,855,376.980523,1
1172,391,772,1833.958911,2
1173,391,754,2404.046739,3
1174,392,1041,851.453625,1
1175,392,721,1108.950327,2
1176,392,766,1737.626343,3
1177,393,1430,1002.454801,1
1178,393,1662,2640.259425,2
1179,393,1506,2947.554869,3
1180,394,1473,7687.493544,1
1181,394,1671,8027.575609,2
1182,394,1451,9536.465432,3
1183,395,197,1255.135928,1
1184,395,261,1255.135928,1
1185,395,195,1405.774552,2
1186,396,1195,2108.215564,1
1187,396,1199,2774.294832,2
1188,396,956,2790.509337,3
1189,397,243,554.781832,1
1190,397,244,1218.181069,2
1191,397,231,2697.054108,3
1192,398,1254,638.219221,1
1193,398,1006,1128.80219,2
1194,398,1256,1235.304888,3
1195,399,1360,3066.494835,1
1196,399,1393,3470.228889,2
1197,399,1650,4053.414355,3
1198,400,1254,652.913536,1
1199,400,1006,1096.558844,2
1200,400,1256,1210.417237,3
1201,401,1574,488.433565,1
1202,401,1630,4463.28129,2
1203,401,1332,4914.249001,3
1204,402,758,575.230244,1
1205,402,752,1490.551993,2
1206,402,763,2191.092961,3
1207,403,576,3649.329338,1
1208,403,490,4990.301228,2
1209,403,577,5970.101006,3
1210,404,906,2052.716508,1
1211,404,867,6222.19816,2
1212,404,900,8403.673383,3
1213,405,425,850.123407,1
1214,405,500,1295.550513,2
1215,405,498,2381.832216,3
1216,406,502,16030.19887,1
1217,406,503,16995.31353,2
1218,406,264,18054.08657,3
1219,407,499,748.171834,1
1220,407,500,1528.688108,2
1221,407,425,2252.783106,3
1222,408,566,783.738774,1
1223,408,567,913.136777,2
1224,408,568,1612.530738,3
1225,409,461,7220.47245,1
1226,409,460,7272.560545,2
1227,409,459,7669.595468,3
1228,410,455,1277.724834,1
1229,410,454,6599.389792,2
1230,410,453,10308.77842,3
1231,411,512,416.7379,1
1232,411,552,1754.710154,2
1233,411,511,2083.454982,3
1234,412,527,962.72491,1
1235,412,528,1221.942053,2
1236,412,526,1724.588296,3
1237,413,456,1141.890834,1
1238,413,559,2530.148504,2
1239,413,560,2917.007046,3
1240,414,925,326.966447,1
1241,414,933,1819.059451,2
1242,414,909,2225.794133,3
1243,415,933,441.08574,1
1244,415,915,1350.852509,2
1245,415,909,1619.401036,3
1246,416,898,903.544779,1
1247,416,885,3181.385181,2
1248,416,869,10134.79514,3
1249,417,926,674.110807,1
1250,417,889,1356.095323,2
1251,417,892,1508.859595,3
1252,418,902,935.301952,1
1253,418,884,5159.021771,2
1254,418,878,6752.972402,3
1255,419,917,197.524998,1
1256,419,893,1845.69618,2
1257,419,932,2594.523902,3
1258,420,489,630.46169,1
1259,420,487,3395.930947,2
1260,420,488,13834.80378,3
1261,421,520,2296.044395,1
1262,421,525,3113.177457,2
1263,421,523,3827.525666,3
1264,422,534,655.647641,1
1265,422,536,11907.95501,2
1266,422,535,13611.68787,3
1267,423,544,317.422954,1
1268,423,547,795.106414,2
1269,423,545,1500.291876,3
1270,424,518,1217.86924,1
1271,424,548,1701.300966,2
1272,424,549,1945.341406,3
1273,425,441,454.06841,1
1274,425,442,470.840162,2
1275,425,440,518.930322,3
1276,426,478,543.824271,1
1277,426,570,1216.533438,2
1278,426,571,2667.294185,3
1279,427,485,524.811036,1
1280,427,546,641.658682,2
1281,427,486,1019.132848,3
1282,428,555,3209.625633,1
1283,428,553,7936.672609,2
1284,428,554,8745.724227,3
1285,429,505,1963.336723,1
1286,429,506,7309.96018,2
1287,429,504,9868.385277,3
1288,430,505,5095.406066,1
1289,430,922,8231.794964,2
1290,430,506,8856.509154,3
1291,431,521,2388.142931,1
1292,431,519,3218.073326,2
1293,431,522,3377.715004,3
1294,432,443,906.535856,1
1295,432,445,1409.479726,2
1296,432,446,2415.903668,3
1297,433,477,1017.110145,1
1298,433,476,1687.337358,2
1299,433,479,1808.589853,3
1300,434,584,708.838781,1
1301,434,583,968.054559,2
1302,434,585,1693.278609,3
1303,435,516,925.388999,1
1304,435,517,1426.865343,2
1305,435,515,1699.841785,3
1306,436,1273,3101.161323,1
1307,436,1145,3104.760621,2
1308,436,1163,3460.634186,3
1309,437,645,1762.453589,1
1310,437,678,1872.606616,2
1311,437,651,4623.129047,3
1312,438,608,1186.779788,1
1313,438,594,1262.965698,2
1314,438,638,2032.964293,3
1315,439,245,2453.561197,1
1316,439,262,2453.561197,1
1317,439,210,3027.296905,2
1318,440,1533,996.117195,1
1319,440,1381,4332.148192,2
1320,440,1448,6216.238235,3
1321,441,968,354.223109,1
1322,441,1087,1893.689966,2
1323,441,1088,2121.54723,3
1324,442,1170,1687.25584,1
1325,442,974,2039.390097,2
1326,442,977,2327.115817,3
1327,443,829,1317.918675,1
1328,443,1033,1899.53155,2
1329,443,756,2041.953013,3
1330,444,724,2805.399818,1
1331,444,730,4099.784158,2
1332,444,1452,4469.279164,3
1333,445,1161,2201.697727,1
1334,445,1019,2489.468491,2
1335,445,1297,3552.139101,3
1336,446,48,101.974508,1
1337,446,52,5244.750961,2
1338,446,155,6290.476284,3
1339,447,632,462.254398,1
1340,447,647,1579.747056,2
1341,447,590,1792.461793,3
1342,448,248,1932.145354,1
1343,448,256,2113.385266,2
1344,448,249,2967.236474,3
1345,449,1701,445.348374,1
1346,449,1406,1933.63979,2
1347,449,1358,2849.083898,3
1348,450,145,762.72388,1
1349,450,38,2307.095935,2
1350,450,106,3040.225044,3
1351,451,381,463.13951,1
1352,451,386,1723.816928,2
1353,451,82,6600.302666,3
1354,452,1089,369.422818,1
1355,452,968,2197.495338,2
1356,452,1087,2421.144462,3
1357,453,1082,2541.978574,1
1358,453,1207,10550.33229,2
1359,453,953,12316.62291,3
1360,454,715,5406.752115,1
1361,454,800,7519.413726,2
1362,454,817,8855.821375,3
1363,455,221,1273.653105,1
1364,455,219,1445.763072,2
1365,455,220,1807.181851,3
1366,456,630,527.69559,1
1367,456,613,1197.791669,2
1368,456,700,2419.739797,3
1369,457,716,2098.568877,1
1370,457,822,2289.987735,2
1371,457,738,3129.030669,3
1372,458,1302,3346.339757,1
1373,458,1725,3855.385675,2
1374,458,1581,4515.859336,3
1375,459,1204,459.347435,1
1376,459,1084,3878.332234,2
1377,459,1085,5853.625277,3
1378,460,1043,1825.480704,1
1379,460,1129,2277.703609,2
1380,460,1126,4526.538427,3
1381,461,683,1984.154143,1
1382,461,701,4179.171682,2
1383,461,598,6550.088608,3
1384,462,409,191.185662,1
1385,462,410,772.658869,2
1386,462,272,3684.899638,3
1387,463,727,356.601933,1
1388,463,728,356.601933,1
1389,463,1112,1115.246045,2
1390,464,84,1103.054484,1
1391,464,64,1498.293424,2
1392,464,63,1822.867532,3
1393,465,335,1352.328822,1
1394,465,334,4181.91167,2
1395,465,415,4897.398377,3
1396,466,27,1327.065551,1
1397,466,13,1475.33851,2
1398,466,46,2307.120986,3
1399,467,237,447.941599,1
1400,467,244,1455.544309,2
1401,467,243,2963.012603,3
1402,468,591,995.482906,1
1403,468,647,1067.14147,2
1404,468,632,3071.469042,3
1405,469,646,1114.285738,1
1406,469,639,2690.412635,2
1407,469,685,3136.445988,3
1408,470,1654,861.768141,1
1409,470,1318,1938.351755,2
1410,470,1319,2141.355181,3
1411,471,1050,1285.805604,1
1412,471,1144,3500.764905,2
1413,471,1276,5069.767725,3
1414,472,1620,2749.560355,1
1415,472,1747,5580.830525,2
1416,472,1541,5822.877904,3
1417,473,335,1042.599302,1
1418,473,334,2451.256481,2
1419,473,333,5221.349201,3
1420,474,855,376.980523,1
1421,474,772,1833.958911,2
1422,474,754,2404.046739,3
1423,475,1544,2350.362483,1
1424,475,1300,7249.71339,2
1425,475,1542,10437.04638,3
1426,476,217,2425.80587,1
1427,476,218,2425.80587,1
1428,476,220,3318.017427,2
1429,477,1098,150.689091,1
1430,477,1211,2211.529544,2
1431,477,965,2228.877628,3
1432,478,695,1636.085575,1
1433,478,1477,7603.297773,2
1434,478,697,8432.300214,3
1435,479,1750,656.539894,1
1436,479,1694,1736.454287,2
1437,479,1351,5772.697873,3
1438,480,1580,126.789601,1
1439,480,1696,7580.773574,2
1440,480,1607,8264.410536,3
1441,481,1118,897.822225,1
1442,481,1124,1194.819694,2
1443,481,1119,1213.280762,3
1444,482,1086,3166.580311,1
1445,482,960,4077.929983,2
1446,482,1206,6631.1806,3
1447,483,328,149.159799,1
1448,483,329,1188.182783,2
1449,483,330,2349.711749,3
1450,484,632,359.209033,1
1451,484,590,1649.385436,2
1452,484,647,1692.246119,3
1453,485,661,370.899909,1
1454,485,602,1518.020176,2
1455,485,607,2835.529713,3
1456,486,380,305.995504,1
1457,486,379,458.051247,2
1458,486,359,524.314371,3
1459,487,265,755.413526,1
1460,487,378,871.789686,2
1461,487,368,1117.19258,3
1462,488,1382,1146.992776,1
1463,488,1570,2890.309747,2
1464,488,1650,4043.846549,3
1465,489,397,1554.341591,1
1466,489,279,2567.100163,2
1467,489,278,2838.232042,3
1468,490,1769,1663.722181,1
1469,490,1770,3556.899229,2
1470,490,1400,4821.061582,3
1471,491,996,625.130986,1
1472,491,1113,754.451289,2
1473,491,993,1070.381814,3
1474,492,1093,2106.292479,1
1475,492,936,2526.976227,2
1476,492,1091,2753.266885,3
1477,493,1660,2583.006645,1
1478,493,1551,3295.724803,2
1479,493,1722,4115.42446,3
1480,494,1029,2473.702867,1
1481,494,1021,2475.782604,2
1482,494,1136,5056.994754,3
1483,495,15,152.000903,1
1484,495,99,689.576745,2
1485,495,87,1176.601952,3
1486,496,425,780.737892,1
1487,496,500,1258.286764,2
1488,496,498,2421.38557,3
1489,497,908,3891.405684,1
1490,497,918,5459.671302,2
1491,497,896,6621.785875,3
1492,498,563,373.085897,1
1493,498,562,1763.719035,2
1494,498,561,3604.934997,3
1495,499,528,847.372367,1
1496,499,526,1342.70765,2
1497,499,527,1424.434435,3
1498,500,532,1305.90242,1
1499,500,530,1741.356454,2
1500,500,531,2954.939398,3
1501,501,913,2105.49053,1
1502,501,866,2274.015667,2
1503,501,890,8549.942458,3
1504,502,931,226.884925,1
1505,502,911,1065.034363,2
1506,502,919,1427.079207,3
1507,503,508,2259.873543,1
1508,503,510,3155.420317,2
1509,503,507,3786.764165,3
1510,504,508,2054.838903,1
1511,504,510,3307.880531,2
1512,504,507,3747.866605,3
1513,505,857,1550.787964,1
1514,505,862,7523.683128,2
1515,505,881,8890.890394,3
1516,506,542,338.718489,1
1517,506,537,3968.611675,2
1518,506,426,6958.122811,3
1519,507,870,540.480507,1
1520,507,887,696.698107,2
1521,507,904,1133.666905,3
1522,508,145,762.72388,1
1523,508,38,2307.095935,2
1524,508,106,3040.225044,3
1525,509,335,2991.105262,1
1526,509,414,3422.950167,2
1527,509,415,3488.055323,3
1528,510,35,596.369976,1
1529,510,74,1072.572801,2
1530,510,70,1539.289659,3
1531,511,1462,1941.145899,1
1532,511,1705,2159.511669,2
1533,511,1537,2848.471114,3
1534,512,297,405.795498,1
1535,512,296,2348.037367,2
1536,512,295,3947.83927,3
1537,513,955,756.8574,1
1538,513,1201,2971.301417,2
1539,513,1196,5746.000997,3
1540,514,1341,1855.638348,1
1541,514,1394,2901.63197,2
1542,514,1355,6209.015658,3
1543,515,1155,1488.150942,1
1544,515,1144,1627.120124,2
1545,515,1276,4725.320379,3
1546,516,946,950.740305,1
1547,516,951,2719.09178,2
1548,516,1077,3197.484585,3
1549,517,388,993.147181,1
1550,517,316,1380.148929,2
1551,517,292,2326.262382,3
1552,518,326,603.901492,1
1553,518,339,2923.242325,2
1554,518,311,4048.991728,3
1555,519,1750,149.649762,1
1556,519,1694,1472.294127,2
1557,519,1351,5358.676683,3
1558,520,1254,439.439764,1
1559,520,1256,726.302215,2
1560,520,1253,991.586151,3
1561,521,982,1728.150276,1
1562,521,1237,2743.490877,2
1563,521,1238,2921.824461,3
1564,522,10,1639.347497,1
1565,522,44,11890.68918,2
1566,522,93,12198.91025,3
1567,523,1250,329.612086,1
1568,523,1117,347.150101,2
1569,523,1249,412.352173,3
1570,524,1559,1271.558971,1
1571,524,1608,1932.321834,2
1572,524,1437,3136.679566,3
1573,525,1699,3829.310165,1
1574,525,1515,6483.560179,2
1575,525,1434,6804.644003,3
1576,526,1772,3440.183743,1
1577,526,1335,3761.601121,2
1578,526,1711,4867.739485,3
1579,527,1699,3360.393414,1
1580,527,1515,5701.815444,2
1581,527,1434,7587.409878,3
1582,528,590,647.317356,1
1583,528,632,813.85289,2
1584,528,664,2534.162796,3
1585,529,1392,252.375353,1
1586,529,1736,1211.221758,2
1587,529,1618,1683.889087,3
1588,530,1536,118.168304,1
1589,530,1647,5552.710294,2
1590,530,1528,6209.002167,3
1591,531,1776,441.727388,1
1592,531,1503,1753.503249,2
1593,531,1517,2239.312772,3
1594,532,1500,2587.570047,1
1595,532,1451,3116.314927,2
1596,532,1473,6295.399649,3
1597,533,1457,958.9897,1
1598,533,1414,1725.742605,2
1599,533,1299,1782.29609,3
1600,534,690,562.240682,1
1601,534,631,686.059468,2
1602,534,680,879.325447,3
1603,535,147,118.488092,1
1604,535,91,756.928542,2
1605,535,156,1085.112421,3
1606,536,599,981.09651,1
1607,536,605,1051.198712,2
1608,536,636,1673.208894,3
1609,537,474,2899.336998,1
1610,537,475,3973.925693,2
1611,537,473,4431.3705,3
1612,538,511,467.917842,1
1613,538,582,2042.503753,2
1614,538,581,2153.22456,3
1615,539,579,175.282515,1
1616,539,465,564.281003,2
1617,539,580,891.453903,3
1618,540,483,1664.487962,1
1619,540,484,6551.674579,2
1620,540,427,7997.096484,3
1621,541,493,378.199342,1
1622,541,558,514.034861,2
1623,541,557,958.201073,3
1624,542,524,1018.814281,1
1625,542,525,1065.462866,2
1626,542,556,1531.5234,3
1627,543,250,925.652332,1
1628,543,252,3842.641331,2
1629,543,256,4067.66801,3
1630,544,250,1361.071886,1
1631,544,252,4523.011644,2
1632,544,256,4700.689548,3
1633,545,463,838.177595,1
1634,545,569,3954.821686,2
1635,545,464,4018.241957,3
1636,546,894,746.959115,1
1637,546,912,6082.901207,2
1638,546,876,6120.422348,3
1639,547,462,312.09097,1
1640,547,464,1796.286231,2
1641,547,463,4586.097154,3
1642,548,499,1095.164992,1
1643,548,500,2836.063701,2
1644,548,497,3097.501524,3
1645,549,566,461.894196,1
1646,549,568,552.590822,2
1647,549,567,1557.111789,3
1648,550,440,206.819372,1
1649,550,441,913.305142,2
1650,550,442,934.749311,3
1651,551,1715,1696.18171,1
1652,551,1638,5773.803197,2
1653,551,1510,8651.4224,3
1654,552,605,923.025746,1
1655,552,599,988.790311,2
1656,552,601,1636.534379,3
1657,553,1302,3372.817008,1
1658,553,1725,3840.486427,2
1659,553,1581,4534.400045,3
1660,554,220,1162.313416,1
1661,554,217,3613.134429,2
1662,554,218,3613.134429,2
1663,555,1242,991.662392,1
1664,555,990,2353.149945,2
1665,555,1110,2361.283572,3
1666,556,1241,1064.605809,1
1667,556,762,1385.080058,2
1668,556,784,1892.628965,3
1669,557,1643,200.034124,1
1670,557,1579,865.248232,2
1671,557,1504,2794.629483,3
1672,558,1702,1012.28271,1
1673,558,1674,1090.222912,2
1674,558,1538,2876.822357,3
1675,559,1122,1952.398232,1
1676,559,1255,2038.84827,2
1677,559,1257,2059.775119,3
1678,560,1326,1130.228148,1
1679,560,1354,2501.817872,2
1680,560,1390,3373.551033,3
1681,561,1345,2247.483872,1
1682,561,1598,3568.745002,2
1683,561,1664,5679.575198,3
1684,562,964,4645.489813,1
1685,562,1204,4803.012371,2
1686,562,1084,5451.93493,3
1687,563,1590,2364.749173,1
1688,563,1635,3586.828907,2
1689,563,1707,6266.564996,3
1690,564,1277,783.678028,1
1691,564,1153,5439.346091,2
1692,564,1024,5551.686558,3
1693,565,285,126.248904,1
1694,565,286,1280.014475,2
1695,565,287,8635.739348,3
1696,566,77,67.180991,1
1697,566,103,6829.315594,2
1698,566,86,13617.67022,3
1699,567,1440,511.4388,1
1700,567,1637,5875.024077,2
1701,567,1387,6292.923191,3
1702,568,1500,711.367047,1
1703,568,1380,4445.285241,2
1704,568,1451,5228.969007,3
1705,569,1131,170.525149,1
1706,569,1011,1889.347255,2
1707,569,1264,2139.928231,3
1708,570,129,105.360067,1
1709,570,122,933.485165,2
1710,570,146,1070.867447,3
1711,571,107,401.330705,1
1712,571,72,1487.936952,2
1713,571,30,3416.08675,3
1714,572,1017,185.759086,1
1715,572,1016,250.998281,2
1716,572,1123,1266.894256,3
1717,573,1016,956.531801,1
1718,573,1017,1119.68502,2
1719,573,1123,1915.123541,3
1720,574,154,363.815217,1
1721,574,55,2527.59973,2
1722,574,135,5147.867539,3
1723,575,120,5284.462488,1
1724,575,113,5440.991545,2
1725,575,88,5732.459051,3
1726,576,58,2778.330357,1
1727,576,52,3428.367184,2
1728,576,92,4072.865746,3
1729,577,1738,481.831317,1
1730,577,1720,2256.958997,2
1731,577,1410,3843.644647,3
1732,578,612,2229.011064,1
1733,578,654,2927.371584,2
1734,578,620,3778.425301,3
1735,579,316,368.329366,1
1736,579,313,705.797878,2
1737,579,315,2448.795205,3
1738,580,600,1190.548254,1
1739,580,596,2671.81402,2
1740,580,651,3071.351948,3
1741,581,840,3113.207235,1
1742,581,705,3477.623498,2
1743,581,719,4538.983651,3
1744,582,1295,2111.235415,1
1745,582,1285,3043.121428,2
1746,582,1160,4586.131956,3
1747,583,733,1356.899576,1
1748,583,804,1957.273049,2
1749,583,755,2289.485191,3
1750,584,53,1105.364135,1
1751,584,24,1168.351472,2
1752,584,164,1971.217363,3
1753,585,1524,4621.11217,1
1754,585,1546,6685.594491,2
1755,585,1544,10926.49181,3
1756,586,1560,6038.412428,1
1757,586,1491,6306.6106,2
1758,586,1489,8148.783304,3
1759,587,1418,2665.774693,1
1760,587,1626,4221.442264,2
1761,587,1422,6128.617053,3
1762,588,1240,2233.483672,1
1763,588,1205,2632.112265,2
1764,588,934,4051.977601,3
1765,589,680,769.728205,1
1766,589,679,1143.358264,2
1767,589,631,1379.162725,3
1768,590,255,2924.292997,1
1769,590,252,3093.612923,2
1770,590,250,4902.696202,3
1771,591,534,524.344878,1
1772,591,536,12479.43318,2
1773,591,535,13276.49395,3
1774,592,1139,216.143953,1
1775,592,1038,3781.449599,2
1776,592,1044,5943.080312,3
1777,593,1295,2114.867329,1
1778,593,1285,2994.14213,2
1779,593,1160,4619.175945,3
1780,594,1636,1420.086797,1
1781,594,1725,1888.223857,2
1782,594,1442,3197.288723,3
1783,595,401,2259.311954,1
1784,595,404,2895.226393,2
1785,595,1472,3378.469064,3
1786,596,192,2787.165654,1
1787,596,193,2787.165654,1
1788,596,173,6742.567397,2
1789,597,718,559.320173,1
1790,597,803,930.749228,2
1791,597,751,2124.630892,3
1792,598,290,1677.371618,1
1793,598,289,1786.20435,2
1794,598,321,2039.312283,3
1795,599,370,609.684651,1
1796,599,371,1255.857843,2
1797,599,340,1636.912545,3
1798,600,1025,277.837892,1
1799,600,1279,2366.739339,2
1800,600,1029,3403.649727,3
1801,601,241,314.019447,1
1802,601,238,980.719114,2
1803,601,240,2078.464992,3
1804,602,671,4386.960538,1
1805,602,673,6101.201664,2
1806,602,672,6849.882393,3
1807,603,1345,1505.381059,1
1808,603,1556,2663.140942,2
1809,603,1672,6213.086678,3
1810,604,1520,347.544889,1
1811,604,1455,698.908381,2
1812,604,1748,1601.103825,3
1813,605,643,1796.488664,1
1814,605,108,4600.450225,2
1815,605,659,4823.206495,3
1816,606,1257,949.704962,1
1817,606,1125,2568.13732,2
1818,606,1127,2580.843314,3
1819,607,996,192.372725,1
1820,607,993,934.439496,2
1821,607,995,1076.93912,3
1822,608,407,1276.573677,1
1823,608,408,2632.218985,2
1824,608,406,3030.87858,3
1825,609,1511,394.522669,1
1826,609,1481,1013.49369,2
1827,609,1505,2086.872218,3
1828,610,1254,212.287819,1
1829,610,1256,1093.668354,2
1830,610,1253,1368.091544,3
1831,611,763,1047.771717,1
1832,611,806,1130.920706,2
1833,611,761,1519.898328,3
1834,612,1347,323.153561,1
1835,612,1323,4102.450071,2
1836,612,1554,4517.943078,3
1837,613,622,455.88764,1
1838,613,665,3611.226342,2
1839,613,681,4536.756326,3
1840,614,1344,4237.196038,1
1841,614,1535,6392.384556,2
1842,614,1557,8821.520675,3
1843,615,363,584.570592,1
1844,615,362,1085.101299,2
1845,615,360,1427.105186,3
1846,616,432,1908.356891,1
1847,616,424,3138.036722,2
1848,616,431,3284.716539,3
1849,617,807,1785.254787,1
1850,617,709,2069.12801,2
1851,617,830,2070.949117,3
1852,618,252,2252.789519,1
1853,618,255,3876.200007,2
1854,618,250,4670.152876,3
1855,619,1028,1590.153253,1
1856,619,1045,2744.177465,2
1857,619,1049,4265.877012,3
1858,620,897,10967.49367,1
1859,620,899,12915.21092,2
1860,620,916,13478.37967,3
1861,621,458,779.586782,1
1862,621,575,1610.504717,2
1863,621,435,1916.342416,3
1864,622,492,340.287709,1
1865,622,491,2338.45986,2
1866,622,578,2409.004212,3
1867,623,1086,2249.933893,1
1868,623,1206,5729.604261,2
1869,623,960,5798.517744,3
1870,624,1420,1874.642027,1
1871,624,1718,3492.916986,2
1872,624,1719,8473.73055,3
1873,625,1553,2426.008379,1
1874,625,963,7979.869835,2
1875,625,1502,9129.171795,3
1876,626,641,1321.930352,1
1877,626,642,2269.457633,2
1878,626,676,3216.364202,3
1879,627,274,1719.931894,1
1880,627,290,2303.368862,2
1881,627,321,2642.339555,3
1882,628,1277,783.678028,1
1883,628,1153,5439.346091,2
1884,628,1024,5551.686558,3
1885,629,1440,511.4388,1
1886,629,1637,5875.024077,2
1887,629,1387,6292.923191,3
1888,630,725,1700.440592,1
1889,630,847,4183.728957,2
1890,630,764,4662.909133,3
1891,631,415,2533.392587,1
1892,631,416,3213.260337,2
1893,631,414,4070.563028,3
1894,632,81,446.969977,1
1895,632,137,1911.492351,2
1896,632,138,1924.54981,3
1897,633,1076,1824.318339,1
1898,633,1185,2472.286281,2
1899,633,1188,4449.24098,3
1900,634,1096,950.185852,1
1901,634,1220,2861.642325,2
1902,634,1092,2998.443275,3
1903,635,364,746.540772,1
1904,635,365,1332.975866,2
1905,635,294,6513.241906,3
1906,636,1146,2444.410106,1
1907,636,1163,6694.153694,2
1908,636,1273,6903.730524,3
1909,637,1744,462.393151,1
1910,637,1397,2497.471815,2
1911,637,1407,2940.840081,3
1912,638,65,1750.943939,1
1913,638,60,1769.055346,2
1914,638,61,2986.984084,3
1915,639,1254,301.427123,1
1916,639,1256,807.754078,2
1917,639,1253,1081.533228,3
1918,640,1367,4045.668386,1
1919,640,1765,4151.235494,2
1920,640,1613,5222.589909,3
1921,641,1199,1188.066607,1
1922,641,1081,2796.990501,2
1923,641,1080,2890.085748,3
1924,642,1116,342.218977,1
1925,642,1002,529.779796,2
1926,642,1003,618.037226,3
1927,643,1493,835.017717,1
1928,643,1698,1649.88564,2
1929,643,1640,1661.518021,3
1930,644,1105,2381.165592,1
1931,644,986,3403.240356,2
1932,644,1103,4116.988701,3
1933,645,721,1507.568346,1
1934,645,1041,2506.879589,2
1935,645,746,2583.571929,3
1936,646,565,199.885172,1
1937,646,440,1279.460231,2
1938,646,564,1325.749759,3
1939,647,510,1743.662447,1
1940,647,509,1785.060149,2
1941,647,507,2658.069961,3
1942,648,1395,2917.433263,1
1943,648,1385,4649.373847,2
1944,648,1759,6113.864499,3
1945,649,685,975.9757,1
1946,649,639,1192.966258,2
1947,649,633,3811.041752,3
1948,650,676,1006.291249,1
1949,650,593,1514.637965,2
1950,650,596,2224.570037,3
1951,651,434,1139.527524,1
1952,651,433,3422.398576,2
1953,651,533,5008.744913,3
1954,652,920,100.784207,1
1955,652,857,9313.453823,2
1956,652,881,10847.3071,3
1957,653,860,696.936505,1
1958,653,883,2363.505979,2
1959,653,868,3692.553985,3
1960,654,472,1974.32454,1
1961,654,469,3584.72981,2
1962,654,471,3618.648879,3
1963,655,879,3032.497951,1
1964,655,877,5237.467346,2
1965,655,917,7951.833595,3
1966,656,864,4344.577085,1
1967,656,859,5036.595608,2
1968,656,878,5775.458527,3
1969,657,541,1696.093388,1
1970,657,540,2848.021262,2
1971,657,539,2998.667383,3
1972,658,496,815.773351,1
1973,658,494,1567.212945,2
1974,658,495,1938.411811,3
1975,659,542,6875.28693,1
1976,659,543,7015.400543,2
1977,659,541,8030.604221,3
1978,660,731,60.112333,1
1979,660,716,1440.896085,2
1980,660,753,1631.062117,3
1981,661,1693,290.898065,1
1982,661,1633,5671.070399,2
1983,661,1775,6806.591251,3
1984,662,1451,4233.002274,1
1985,662,1473,6320.004482,2
1986,662,1500,7844.956367,3
1987,663,1451,2405.12737,1
1988,663,1500,3313.104779,2
1989,663,1473,6494.036627,3
1990,664,155,2565.960181,1
1991,664,48,4249.201947,2
1992,664,8,5218.655386,3
1993,665,148,573.393287,1
1994,665,122,927.820217,2
1995,665,110,1066.025554,3
1996,666,1328,503.610983,1
1997,666,1651,3692.153341,2
1998,666,1749,3933.468265,3
1999,667,234,9989.357223,1
2000,667,235,22337.10406,2
2001,667,264,23891.87517,3
2002,668,167,916.05648,1
2003,668,124,1920.032369,2
2004,668,118,2433.928405,3
2005,669,1378,456.483776,1
2006,669,1461,5172.596719,2
2007,669,1518,6167.062678,3
2008,670,119,489.035741,1
2009,670,109,1605.13408,2
2010,670,158,7050.989227,3
2011,671,344,700.209258,1
2012,671,343,1096.419935,2
2013,671,354,1296.695109,3
2014,672,1597,2657.266295,1
2015,672,1760,2790.464224,2
2016,672,775,3415.339091,3
2017,673,1214,1172.343808,1
2018,673,976,4755.493144,2
2019,673,1224,4943.613569,3
2020,674,826,1415.94672,1
2021,674,834,1890.575401,2
2022,674,708,2992.024842,3
2023,675,1034,2206.699263,1
2024,675,1290,2721.927789,2
2025,675,1275,4721.003246,3
2026,676,1317,3002.382363,1
2027,676,1764,4060.212511,2
2028,676,1772,6396.009431,3
2029,677,702,1421.892938,1
2030,677,802,1669.274831,2
2031,677,717,2775.789949,3
2032,678,372,306.076095,1
2033,678,375,2916.549748,2
2034,678,376,4656.951002,3
2035,679,1692,83.040265,1
2036,679,1592,2864.142049,2
2037,679,1355,4045.249565,3
2038,680,1338,3414.344834,1
2039,680,1586,6341.43133,2
2040,680,1630,6769.397355,3
2041,681,140,6505.981662,1
2042,681,44,6812.891518,2
2043,681,85,7511.077361,3
2044,682,1173,796.14464,1
2045,682,940,1039.420764,2
2046,682,1179,1956.30984,3
2047,683,1500,1306.384537,1
2048,683,1380,2979.575643,2
2049,683,1347,5806.784734,3
2050,684,1613,958.428001,1
2051,684,1765,4189.818377,2
2052,684,1367,4374.658033,3
2053,685,1389,612.182924,1
2054,685,1508,1141.230977,2
2055,685,1322,2527.606217,3
2056,686,246,1901.084369,1
2057,686,242,2256.793632,2
2058,686,212,3112.375285,3
2059,687,1161,1964.694125,1
2060,687,1019,3062.190057,2
2061,687,1297,3371.917519,3
2062,688,1220,787.690944,1
2063,688,1096,1768.019117,2
2064,688,1005,2661.605105,3
2065,689,190,10591.01275,1
2066,689,384,13751.56677,2
2067,689,383,14070.22977,3
2068,690,641,1504.607745,1
2069,690,596,2454.855072,2
2070,690,600,2862.490534,3
2071,691,1088,536.960451,1
2072,691,968,1973.099901,2
2073,691,1087,2049.291684,3
2074,692,1309,2064.17389,1
2075,692,1475,5923.168783,2
2076,692,1349,7232.853966,3
2077,693,708,3366.699211,1
2078,693,709,3578.896467,2
2079,693,826,3855.475766,3
2080,694,51,1950.240792,1
2081,694,5,2749.97588,2
2082,694,59,2812.096972,3
2083,695,1760,243.565057,1
2084,695,775,3427.407581,2
2085,695,1597,3945.070918,3
2086,696,1757,1579.859844,1
2087,696,1444,2825.920182,2
2088,696,1472,3755.340353,3
2089,697,1635,1994.157092,1
2090,697,1590,2090.605106,2
2091,697,1361,5825.254747,3
2092,698,1234,2602.145319,1
2093,698,1239,2992.953846,2
2094,698,987,3830.573255,3
2095,699,265,608.905708,1
2096,699,369,779.915047,2
2097,699,367,1082.17538,3
2098,700,1578,2423.438791,1
2099,700,1777,2648.069907,2
2100,700,1376,4926.523222,3
2101,701,1531,538.631449,1
2102,701,1432,3175.087861,2
2103,701,1513,5887.650274,3
2104,702,1774,6277.386137,1
2105,702,1535,9434.687959,2
2106,702,1558,11199.89552,3
2107,703,593,1968.402794,1
2108,703,676,1978.411234,2
2109,703,653,3233.302207,3
2110,704,208,193.667918,1
2111,704,207,843.940508,2
2112,704,201,1220.307857,3
2113,705,1220,883.085278,1
2114,705,1096,1994.294189,2
2115,705,1005,2512.418789,3
2116,706,1330,1028.617879,1
2117,706,1469,1876.47069,2
2118,706,1336,2691.780891,3
2119,707,207,1148.698346,1
2120,707,208,1273.864877,2
2121,707,201,2655.116285,3
2122,708,1477,3020.725728,1
2123,708,1749,3469.464114,2
2124,708,1684,3655.242047,3
2125,709,1695,302.735666,1
2126,709,1624,2011.816177,2
2127,709,1629,2231.873326,3
2128,710,1363,666.362441,1
2129,710,1718,6480.633882,2
2130,710,1488,6784.426057,3
2131,711,314,1870.088685,1
2132,711,317,2732.59736,2
2133,711,276,4218.14349,3
2134,712,104,700.306348,1
2135,712,105,700.306348,1
2136,712,86,9974.340262,2
2137,713,675,562.854349,1
2138,713,674,817.504897,2
2139,713,699,1213.619968,3
2140,714,675,562.854349,1
2141,714,674,817.504897,2
2142,714,699,1213.619968,3
2143,715,614,889.405575,1
2144,715,652,1447.344451,2
2145,715,601,2959.723397,3
2146,716,1429,2557.786538,1
2147,716,1609,4368.902765,2
2148,716,1649,4936.719995,3
2149,717,836,1670.836534,1
2150,717,839,3472.449845,2
2151,717,798,4452.362828,3
2152,718,1352,2050.649409,1
2153,718,1420,5542.727817,2
2154,718,1453,8881.574882,3
2155,719,676,1596.53085,1
2156,719,593,1813.948759,2
2157,719,596,2980.533347,3
2158,720,1254,194.215139,1
2159,720,1256,1003.772932,2
2160,720,1253,1278.477959,3
2161,721,1398,2859.898701,1
2162,721,1399,3313.772135,2
2163,721,1438,3407.581506,3
2164,722,1261,477.610764,1
2165,722,1003,537.442115,2
2166,722,1115,696.919733,3
2167,723,1254,491.980279,1
2168,723,1256,1182.99174,2
2169,723,1006,1266.181884,3
2170,724,965,370.329857,1
2171,724,1098,1802.496286,2
2172,724,1226,1850.525239,3
2173,725,1251,1686.205072,1
2174,725,1252,1714.054172,2
2175,725,1121,2066.026407,3
2176,726,1118,191.99707,1
2177,726,1249,633.470797,2
2178,726,1250,770.307655,3
2179,727,592,1220.786779,1
2180,727,626,1666.32688,2
2181,727,658,3414.992429,3
2182,728,1761,2392.733452,1
2183,728,1350,4317.024461,2
2184,728,1501,5423.090377,3
2185,729,837,2351.022975,1
2186,729,838,2976.374947,2
2187,729,831,2997.623059,3
2188,730,1457,1082.24075,1
2189,730,1414,1984.001868,2
2190,730,1299,2003.990433,3
2191,731,1409,1113.257767,1
2192,731,1408,1929.361094,2
2193,731,1600,3078.691156,3
2194,732,626,688.325421,1
2195,732,592,1780.900379,2
2196,732,699,2793.48071,3
2197,733,1497,4496.571105,1
2198,733,1400,5289.657617,2
2199,733,1613,7063.473239,3
2200,734,1125,1402.599256,1
2201,734,1007,1633.138112,2
2202,734,1257,2095.314761,3
2203,735,1298,1332.446498,1
2204,735,1679,2288.284077,2
2205,735,1486,5446.940884,3
2206,736,1489,785.015772,1
2207,736,1490,1914.987141,2
2208,736,1491,3622.77736,3
2209,737,318,923.54817,1
2210,737,319,1682.703507,2
2211,737,320,3210.235751,3
2212,738,323,3306.752134,1
2213,738,423,3306.752134,1
2214,738,324,8280.073481,2
2215,739,388,4188.636483,1
2216,739,350,4328.799728,2
2217,739,387,4801.121012,3
2218,740,1175,4828.734391,1
2219,740,1061,5253.397554,2
2220,740,1068,5488.052326,3
2221,741,1050,1811.132053,1
2222,741,1271,4460.792225,2
2223,741,1144,5203.940193,3
2224,742,234,517.240454,1
2225,742,235,15833.68397,2
2226,742,225,21779.22217,3
2227,743,1195,969.414272,1
2228,743,1199,1894.284245,2
2229,743,1079,2942.18106,3
2230,744,801,338.879901,1
2231,744,784,1108.697109,2
2232,744,727,1255.131264,3
2233,745,773,734.465821,1
2234,745,844,2048.053882,2
2235,745,722,2984.23243,3
2236,746,779,578.643484,1
2237,746,723,1935.83248,2
2238,746,748,1998.088262,3
2239,747,1260,1226.114767,1
2240,747,1007,1613.882492,2
2241,747,1127,1965.503062,3
2242,748,1598,3184.201378,1
2243,748,1466,3339.938584,2
2244,748,1762,3922.518615,3
2245,749,1247,352.223836,1
2246,749,1132,831.2661,2
2247,749,997,1089.895827,3
2248,750,429,1238.189821,1
2249,750,430,2022.396025,2
2250,750,428,5989.384026,3
2251,751,255,2012.682884,1
2252,751,252,4716.524871,2
2253,751,253,4794.306943,3
2254,752,250,2708.73867,1
2255,752,249,3409.539166,2
2256,752,258,3409.539166,2
2257,753,249,1215.540029,1
2258,753,258,1215.540029,1
2259,753,259,1215.540029,1
2260,754,599,1787.056196,1
2261,754,636,2047.065998,2
2262,754,605,2942.418469,3
2263,755,1728,2298.221476,1
2264,755,1423,3961.069761,2
2265,755,1686,10380.46379,3
2266,756,1599,1007.871457,1
2267,756,1644,7275.64589,2
2268,756,1340,9738.161996,3
2269,757,666,224.286672,1
2270,757,693,2286.455428,2
2271,757,604,2582.031774,3
2272,758,1603,844.409657,1
2273,758,1605,1748.444476,2
2274,758,1602,2152.445188,3
2275,759,875,1570.722798,1
2276,759,871,8979.605494,2
2277,759,886,10717.11533,3
2278,760,608,552.367672,1
2279,760,638,838.409566,2
2280,760,594,1094.080003,3
2281,761,434,1045.092225,1
2282,761,433,3333.8252,2
2283,761,533,4928.568557,3
2284,762,908,4233.483664,1
2285,762,918,5824.564684,2
2286,762,921,6560.984091,3
2287,763,508,2276.603566,1
2288,763,510,3184.347212,2
2289,763,507,3885.324826,3
2290,764,929,4378.329353,1
2291,764,865,12818.23926,2
2292,764,880,13698.5231,3
2293,765,924,7412.182294,1
2294,765,928,14675.53219,2
2295,765,930,18074.46379,3
2296,766,1522,7497.779683,1
2297,766,1628,10296.80903,2
2298,766,1523,14306.22058,3
2299,767,698,324.17904,1
2300,767,650,4869.195777,2
2301,767,684,6183.871968,3
2302,768,1732,4979.482415,1
2303,768,1577,5908.063542,2
2304,768,1594,6240.798446,3
2305,769,635,1169.716589,1
2306,769,672,2761.767611,2
2307,769,1653,7900.043705,3
2308,770,1499,3385.89779,1
2309,770,1301,7813.577315,2
2310,770,1704,8572.529426,3
2311,771,618,2240.2076,1
2312,771,627,3403.010041,2
2313,771,619,6360.122856,3
2314,772,1548,662.651513,1
2315,772,1631,6227.460774,2
2316,772,1541,6409.622678,3
2317,773,1609,832.172518,1
2318,773,1429,1554.64656,2
2319,773,1649,2544.961311,3
2320,774,1458,430.210234,1
2321,774,1366,4298.456701,2
2322,774,1507,5048.13805,3
2323,775,250,333.693393,1
2324,775,252,3693.765303,2
2325,775,256,4442.781448,3
2326,776,1701,634.546002,1
2327,776,1406,1699.058274,2
2328,776,1358,2623.213197,3
2329,777,1322,682.63034,1
2330,777,1508,1529.787835,2
2331,777,1389,2683.785965,3
2332,778,1273,1738.349735,1
2333,778,1163,3051.794464,2
2334,778,1031,3287.44076,3
2335,779,1127,783.070705,1
2336,779,1007,1002.652173,2
2337,779,1260,2708.049028,3
2338,780,1460,787.791233,1
2339,780,1433,4225.460112,2
2340,780,1339,7671.135055,3
2341,781,1088,1388.820637,1
2342,781,1296,1862.658733,2
2343,781,1051,1871.669267,3
2344,782,709,2406.32755,1
2345,782,830,3111.691124,2
2346,782,807,4036.856752,3
2347,783,1283,964.423117,1
2348,783,1052,1255.036873,2
2349,783,1042,2005.022755,3
2350,784,1473,4119.034297,1
2351,784,1671,4868.552312,2
2352,784,1494,6947.791158,3
2353,785,247,1423.175161,1
2354,785,249,2186.718242,2
2355,785,258,2186.718242,2
2356,786,755,1640.897396,1
2357,786,733,2386.941848,2
2358,786,804,3057.763708,3
2359,787,755,1640.897396,1
2360,787,733,2386.941848,2
2361,787,804,3057.763708,3
2362,788,1088,903.113458,1
2363,788,1296,2232.552436,2
2364,788,1051,2328.714975,3
2365,789,1254,373.980006,1
2366,789,1256,1216.698292,2
2367,789,1006,1430.353129,3
2368,790,1148,2412.43515,1
2369,790,1047,4957.795141,2
2370,790,1278,8600.471329,3
2371,791,81,273.109895,1
2372,791,137,2375.125333,2
2373,791,138,2387.749859,3
2374,792,1338,2181.245209,1
2375,792,1630,5363.931187,2
2376,792,1700,7716.03013,3
2377,793,129,288.030561,1
2378,793,146,1055.161361,2
2379,793,122,1307.726449,3
2380,794,1241,1359.414084,1
2381,794,1242,1662.152478,2
2382,794,1000,2021.16401,3
2383,795,1241,1481.123402,1
2384,795,1000,2010.48973,2
2385,795,1242,2040.239784,3
2386,796,1113,762.832079,1
2387,796,1246,829.231245,2
2388,796,996,985.004938,3
2389,797,241,377.468742,1
2390,797,238,1599.152725,2
2391,797,240,1804.502529,3
2392,798,1025,269.82365,1
2393,798,1279,2210.310331,2
2394,798,1029,3213.119414,3
2395,799,1053,1091.471005,1
2396,799,1020,1882.179227,2
2397,799,1289,2402.702317,3
2398,800,1164,235.580198,1
2399,800,1160,2616.86483,2
2400,800,737,4179.57083,3
2401,801,770,232.624835,1
2402,801,771,1863.601063,2
2403,801,760,1916.188623,3
2404,802,1059,883.155399,1
2405,802,983,2846.322573,2
2406,802,1107,3710.705812,3
2407,803,727,402.053616,1
2408,803,728,402.053616,1
2409,803,801,929.430305,2
2410,804,984,711.446661,1
2411,804,1104,2209.87656,2
2412,804,1230,2973.291871,3
2413,805,141,923.758835,1
2414,805,70,1649.82736,2
2415,805,18,1901.664853,3
2416,806,1711,3654.419739,1
2417,806,1335,3712.614535,2
2418,806,1772,3778.597619,3
2419,807,1593,3303.320828,1
2420,807,1389,3800.51349,2
2421,807,1427,4214.875157,3
2422,808,271,1835.435408,1
2423,808,272,2176.346961,2
2424,808,398,2639.209484,3
2425,809,1615,3204.984965,1
2426,809,1714,4331.749238,2
2427,809,1334,5929.066442,3
2428,810,1766,4658.833209,1
2429,810,1585,6369.147809,2
2430,810,1315,7711.459664,3
2431,811,1205,1039.593524,1
2432,811,1210,5584.950078,2
2433,811,1240,5640.744643,3
2434,812,1532,1974.352128,1
2435,812,1436,6866.679299,2
2436,812,1601,12269.9592,3
2437,813,985,1001.027808,1
2438,813,1238,1641.451261,2
2439,813,1108,1946.288714,3
2440,814,331,216.912681,1
2441,814,1454,8303.91591,2
2442,814,48,10899.20197,3
2443,815,996,408.141921,1
2444,815,995,1001.377992,2
2445,815,993,1155.860771,3
2446,816,542,4769.558629,1
2447,816,541,5816.403449,2
2448,816,537,6069.320342,3
2449,817,529,736.368297,1
2450,817,527,1523.341,2
2451,817,528,1981.415117,3
2452,818,520,638.196894,1
2453,818,525,2620.330519,2
2454,818,524,2819.021046,3
2455,819,1727,3094.06466,1
2456,819,1648,3473.454519,2
2457,819,1422,4852.497182,3
2458,820,842,2388.310369,1
2459,820,711,6146.573533,2
2460,820,741,6907.443131,3
2461,821,241,137.316475,1
2462,821,238,1390.122099,2
2463,821,240,1906.695505,3
2464,822,1571,530.034751,1
2465,822,1480,1585.767217,2
2466,822,1405,2039.521835,3
2467,823,414,1629.900059,1
2468,823,415,1743.698098,2
2469,823,416,3022.118035,3
2470,824,600,2715.453033,1
2471,824,641,2775.037456,2
2472,824,596,3498.755853,3
2473,825,1140,1872.70791,1
2474,825,1040,5624.957537,2
2475,825,1165,7026.989744,3
2476,826,1258,1004.63445,1
2477,826,1255,2615.806358,2
2478,826,1016,2711.008481,3
2479,827,945,2074.565841,1
2480,827,1172,4458.640036,2
2481,827,939,5251.010564,3
2482,828,1477,283.571692,1
2483,828,1684,2457.981835,2
2484,828,1651,3921.572341,3
2485,829,1652,775.045709,1
2486,829,1374,872.453052,2
2487,829,1661,1585.839234,3
2488,830,618,2224.84668,1
2489,830,627,3446.008475,2
2490,830,619,6318.950238,3
2491,831,1167,1195.670487,1
2492,831,1291,2008.684341,2
2493,831,1138,3362.442194,3
2494,832,821,535.125191,1
2495,832,835,1176.220117,2
2496,832,811,1446.618076,3
2497,833,1371,1219.011124,1
2498,833,1612,1758.786802,2
2499,833,1303,2309.460992,3
2500,834,1346,206.861689,1
2501,834,1331,1787.806224,2
2502,834,1611,2213.248335,3
2503,835,178,241.62415,1
2504,835,179,1565.023804,2
2505,835,169,1774.356958,3
2506,836,807,473.163049,1
2507,836,830,2846.291284,2
2508,836,709,2864.349733,3
2509,837,1240,3024.395914,1
2510,837,1057,3682.428768,2
2511,837,1058,3695.280054,3
2512,838,142,103.906583,1
2513,838,68,1612.919231,2
2514,838,117,4251.520054,3
2515,839,998,414.323577,1
2516,839,989,1166.475159,2
2517,839,1245,1326.135249,3
2518,840,1764,2939.683959,1
2519,840,1317,4398.508629,2
2520,840,1404,4633.554709,3
2521,841,641,281.452322,1
2522,841,676,2279.214784,2
2523,841,642,2360.212391,3
2524,842,1534,206.794549,1
2525,842,1768,1335.229006,2
2526,842,1611,1776.660943,3
2527,843,1367,3427.349112,1
2528,843,1613,3697.70507,2
2529,843,1614,3918.394695,3
2530,844,250,456.688753,1
2531,844,252,3754.48353,2
2532,844,256,4682.701885,3
2533,845,1694,1292.830954,1
2534,845,1750,2163.296847,2
2535,845,1351,4429.378407,3
2536,846,1378,818.697854,1
2537,846,1461,6410.611045,2
2538,846,1518,7417.538285,3
2539,847,1565,4780.992078,1
2540,847,1733,5318.216722,2
2541,847,1754,5947.419581,3
2542,848,97,67.934984,1
2543,848,75,2393.938289,2
2544,848,163,11011.73563,3
2545,849,1424,118.240495,1
2546,849,1425,1349.169908,2
2547,849,1426,6082.203432,3
2548,850,755,1637.949451,1
2549,850,733,2116.857596,2
2550,850,804,2646.869054,3
2551,851,1343,5352.929822,1
2552,851,1713,6886.664263,2
2553,851,1450,9173.02151,3
2554,852,1117,81.837894,1
2555,852,1250,161.296255,2
2556,852,1115,503.633157,3
2557,853,1663,2632.2188,1
2558,853,1761,4448.52702,2
2559,853,1325,6572.903725,3
2560,854,1068,4118.867813,1
2561,854,1175,5258.582457,2
2562,854,1061,6879.635855,3
2563,855,482,3307.386249,1
2564,855,481,4189.770028,2
2565,855,480,5396.789778,3
2566,856,499,748.171834,1
2567,856,500,1528.688108,2
2568,856,425,2252.783106,3
2569,857,931,45.882375,1
2570,857,911,1057.082732,2
2571,857,919,1218.808684,3
2572,858,573,530.437834,1
2573,858,466,991.893508,2
2574,858,572,1293.888645,3
2575,859,520,3155.828723,1
2576,859,523,3166.835229,2
2577,859,525,4528.544555,3
2578,860,529,728.30005,1
2579,860,527,1484.855892,2
2580,860,528,3041.93129,3
2581,861,567,4819.984739,1
2582,861,462,5588.871558,2
2583,861,568,5630.252981,3
2584,862,1648,180.939126,1
2585,862,1547,5555.751797,2
2586,862,1727,6242.77344,3
2587,863,649,1691.560849,1
2588,863,610,2345.995023,2
2589,863,640,2423.775915,3
2590,864,1205,2482.663477,1
2591,864,1240,2694.529779,2
2592,864,934,4579.334536,3
2593,865,1220,755.04125,1
2594,865,1005,1654.959541,2
2595,865,1216,2581.229689,3
2596,866,1177,2303.896827,1
2597,866,937,7771.050671,2
2598,866,1181,8612.074008,3
2599,867,395,640.78129,1
2600,867,282,1244.60868,2
2601,867,392,1282.5594,3
2602,868,1191,2507.268199,1
2603,868,1190,3418.854412,2
2604,868,1455,6483.06125,3
2605,869,1145,2693.235308,1
2606,869,1273,3166.615396,2
2607,869,1031,3217.208516,3
2608,870,1046,1483.011802,1
2609,870,1036,2242.704377,2
2610,870,1292,3152.039566,3
2611,871,1088,683.16181,1
2612,871,968,1651.235076,2
2613,871,1087,1770.507376,3
2614,872,986,1375.728678,1
2615,872,1103,2611.416778,2
2616,872,1101,3060.143961,3
2617,873,600,2606.238035,1
2618,873,641,3247.719833,2
2619,873,651,3589.255169,3
2620,874,325,1078.269483,1
2621,874,336,4670.901755,2
2622,874,338,5879.807636,3
2623,875,1115,578.381064,1
2624,875,1249,625.810063,2
2625,875,1250,744.773684,3
2626,876,1232,2528.568277,1
2627,876,1236,2633.175321,2
2628,876,1233,3194.10314,3
2629,877,1194,2163.975954,1
2630,877,948,3806.418775,2
2631,877,1190,6155.93379,3
2632,878,1248,465.044147,1
2633,878,988,710.709284,2
2634,878,1001,1020.542328,3
2635,879,834,1984.141314,1
2636,879,826,2109.776433,2
2637,879,708,2339.74799,3
2638,880,1658,1901.351569,1
2639,880,1595,3650.617593,2
2640,880,1435,3827.360852,3
2641,881,1006,327.7483,1
2642,881,1254,1527.059166,2
2643,881,1256,1700.076549,3
2644,882,98,3218.248,1
2645,882,111,5346.268608,2
2646,882,73,5401.330119,3
2647,883,1232,2128.301304,1
2648,883,1236,2511.100325,2
2649,883,1233,3572.503606,3
2650,884,144,930.905934,1
2651,884,49,1985.987036,2
2652,884,110,2225.772805,3
2653,885,755,1701.708515,1
2654,885,733,2072.105547,2
2655,885,804,2645.166674,3
2656,886,1001,187.05134,1
2657,886,1248,629.574446,2
2658,886,1117,643.819088,3
2659,887,53,1052.344483,1
2660,887,24,1208.083326,2
2661,887,164,1934.00037,3
2662,888,252,1953.668862,1
2663,888,256,4471.399794,2
2664,888,255,4555.755098,3
2665,889,155,1897.186572,1
2666,889,8,3975.564928,2
2667,889,48,6985.417188,3
2668,890,8,6000.805414,1
2669,890,155,7768.224557,2
2670,890,1320,11202.51211,3
2671,891,155,1897.186572,1
2672,891,8,3975.564928,2
2673,891,48,6985.417188,3
2674,892,67,1016.309291,1
2675,892,78,2099.109391,2
2676,892,83,3165.869277,3
2677,893,1311,673.780059,1
2678,893,1744,2952.585376,2
2679,893,1397,4780.811809,3
2680,894,450,2599.383483,1
2681,894,451,6603.501728,2
2682,894,452,6943.19329,3
2683,895,344,421.56844,1
2684,895,343,796.512853,2
2685,895,345,1607.395921,3
2686,896,1269,587.621411,1
2687,896,1035,2856.923065,2
2688,896,1158,2932.596102,3
2689,897,1231,6250.023507,1
2690,897,1767,9074.450621,2
2691,897,703,10495.30854,3
2692,898,755,1385.430515,1
2693,898,733,2690.2446,2
2694,898,804,3261.719505,3
2695,899,1610,1103.705034,1
2696,899,1758,1311.462582,2
2697,899,1687,1671.629451,3
2698,900,252,1987.928355,1
2699,900,250,3845.029804,2
2700,900,255,4054.065168,3
2701,901,1356,48.84927,1
2702,901,1755,2174.274721,2
2703,901,1521,2892.598674,3
2704,902,638,476.323856,1
2705,902,608,862.862997,2
2706,902,594,1284.378173,3
2707,903,857,4493.410193,1
2708,903,920,5330.211708,2
2709,903,881,6414.52802,3
2710,904,882,1741.157348,1
2711,904,927,2791.01781,2
2712,904,891,5726.862407,3
2713,905,895,979.279629,1
2714,905,914,2598.222318,2
2715,905,858,4516.238335,3
2716,906,1254,796.228443,1
2717,906,1007,1588.820448,2
2718,906,1006,1595.50905,3
2719,907,733,1434.394726,1
2720,907,804,2125.324776,2
2721,907,755,2243.450059,3
2722,908,785,2485.182843,1
2723,908,810,3846.154764,2
2724,908,852,4425.185143,3
2725,909,1222,1770.977984,1
2726,909,1227,2044.572726,2
2727,909,1225,2053.991095,3
2728,910,991,37.717107,1
2729,910,1114,633.565467,2
2730,910,999,709.51213,3
2731,911,1254,360.99824,1
2732,911,1256,1033.223285,2
2733,911,1253,1298.031777,3
2734,912,1130,830.773983,1
2735,912,1260,1964.71969,2
2736,912,1010,2786.7433,3
2737,913,825,584.59892,1
2738,913,740,1965.382389,2
2739,913,815,6953.739805,3
2740,914,733,1826.035137,1
2741,914,755,1844.35032,2
2742,914,804,2314.647416,3
2743,915,1140,1897.892856,1
2744,915,1040,6095.166535,2
2745,915,1165,7461.181256,3
2746,916,995,423.493364,1
2747,916,996,894.053613,2
2748,916,988,1281.420674,3
2749,917,1006,463.8246,1
2750,917,1254,1836.760638,2
2751,917,1125,1904.445969,3
2752,918,278,1021.740171,1
2753,918,412,1022.463737,2
2754,918,280,1227.892503,3
2755,919,743,2126.973611,1
2756,919,745,2509.350177,2
2757,919,809,3317.431711,3
2758,920,37,321.299169,1
2759,920,95,6592.86259,2
2760,920,81,8016.456742,3
2761,921,107,1052.543279,1
2762,921,72,1110.113324,2
2763,921,30,4570.532326,3
2764,922,43,670.877807,1
2765,922,143,1611.144657,2
2766,922,40,2097.977556,3
2767,923,162,1546.251745,1
2768,923,157,1768.554616,2
2769,923,139,1927.477595,3
2770,924,263,292.601897,1
2771,924,240,825.58401,2
2772,924,238,2543.762834,3
2773,925,418,376.935746,1
2774,925,420,1251.717854,2
2775,925,417,1747.568037,3
2776,926,1441,277.636801,1
2777,926,1675,5139.201039,2
2778,926,1567,8958.338629,3
2779,927,1254,450.572033,1
2780,927,1256,1150.867491,2
2781,927,1006,1293.931339,3
2782,928,826,2013.798868,1
2783,928,834,2733.769677,2
2784,928,708,2762.647225,3
2785,929,767,1218.44283,1
2786,929,845,2150.674738,2
2787,929,705,5815.905419,3
2788,930,708,2719.719142,1
2789,930,709,3299.266613,2
2790,930,826,3698.242764,3
2791,931,1254,130.424262,1
2792,931,1256,932.844509,2
2793,931,1253,1210.927041,3
2794,932,1053,832.812217,1
2795,932,1020,1624.703242,2
2796,932,1289,2085.413812,3
2797,933,794,820.166415,1
2798,933,708,2575.647266,2
2799,933,756,2893.617591,3
2800,934,1169,478.143279,1
2801,934,970,1898.43997,2
2802,934,1218,2320.26109,3
2803,935,834,1840.379506,1
2804,935,746,2386.18639,2
2805,935,826,2855.053759,3
2806,936,310,2844.031063,1
2807,936,312,3073.538669,2
2808,936,337,4545.241221,3
2809,937,1433,1981.056897,1
2810,937,1460,3188.994822,2
2811,937,1339,5531.823624,3
2812,938,620,964.331521,1
2813,938,616,2281.496591,2
2814,938,612,2791.793429,3
2815,939,250,1445.064637,1
2816,939,256,3036.849569,2
2817,939,252,3155.336733,3
2818,940,1073,1017.561125,1
2819,940,950,4261.781479,2
2820,940,1076,5240.625763,3
2821,941,1365,1058.025441,1
2822,941,1632,2297.738922,2
2823,941,1514,6729.697644,3
2824,942,1772,7512.801319,1
2825,942,1335,8610.594971,2
2826,942,1312,8790.715176,3
2827,943,1699,4393.729928,1
2828,943,1434,6355.338359,2
2829,943,1515,6925.588569,3
2830,944,436,249.748903,1
2831,944,435,853.11815,2
2832,944,457,1969.746452,3
2833,945,1075,3187.037502,1
2834,945,947,4569.064827,2
2835,945,1056,9264.115046,3
2836,946,318,1138.373505,1
2837,946,319,1827.803767,2
2838,946,320,3172.419932,3
2839,947,210,892.579216,1
2840,947,212,1075.547778,2
2841,947,245,1504.368717,3
2842,948,755,1756.924178,1
2843,948,733,2044.78283,2
2844,948,804,2663.142592,3
2845,949,1212,1682.013498,1
2846,949,1229,3371.7768,2
2847,949,1097,4202.441831,3
2848,950,112,437.785635,1
2849,950,161,2372.917237,2
2850,950,152,3415.691566,3
2851,951,656,1727.006467,1
2852,951,637,2034.199943,2
2853,951,677,4423.178852,3
2854,952,755,1756.924178,1
2855,952,733,2044.78283,2
2856,952,804,2663.142592,3
2857,953,790,2103.254225,1
2858,953,851,3778.752748,2
2859,953,854,5050.138531,3
2860,954,1375,5396.159825,1
2861,954,1734,7424.718436,2
2862,954,1706,7718.825283,3
2863,955,797,325.535507,1
2864,955,848,6320.240086,2
2865,955,781,8414.598498,3
2866,956,414,299.155688,1
2867,956,415,1862.618557,2
2868,956,416,1912.246172,3
2869,957,1247,318.389399,1
2870,957,1113,987.625931,2
2871,957,1244,1053.73675,3
2872,958,709,3580.273317,1
2873,958,708,3774.126388,2
2874,958,826,4263.568589,3
2875,959,612,2507.242026,1
2876,959,654,2998.198361,2
2877,959,620,4105.966767,3
2878,960,725,1973.36992,1
2879,960,847,4229.470562,2
2880,960,764,4529.163685,3
2881,961,399,433.053121,1
2882,961,400,3340.02628,2
2883,961,332,7659.241984,3
2884,962,1451,3781.288334,1
2885,962,1473,4386.269747,2
2886,962,1500,5047.388158,3
2887,963,341,681.199953,1
2888,963,346,977.258042,2
2889,963,342,1245.02492,3
2890,964,755,1284.515457,1
2891,964,733,2977.553792,2
2892,964,833,3226.79476,3
2893,965,862,5962.440463,1
2894,965,857,13294.04585,2
2895,965,888,16001.1362,3
2896,966,442,246.488052,1
2897,966,441,250.782928,2
2898,966,574,608.073081,3
2899,967,874,877.732077,1
2900,967,863,1311.19523,2
2901,967,896,1358.968806,3
2902,968,606,1027.087855,1
2903,968,597,1177.681204,2
2904,968,640,1728.776885,3
2905,969,1202,1622.99707,1
2906,969,1069,9104.852978,2
2907,969,1197,10195.61294,3
2908,970,189,1685.514365,1
2909,970,187,6312.226913,2
2910,970,188,6312.226913,2
2911,971,45,386.863822,1
2912,971,71,1130.312808,2
2913,971,90,2379.878788,3
2914,972,1053,1707.33502,1
2915,972,1015,2107.892973,2
2916,972,1020,2466.528199,3
2917,973,170,2251.774583,1
2918,973,171,7372.56217,2
2919,973,172,7835.774156,3
2920,974,551,1837.573338,1
2921,974,552,1872.138208,2
2922,974,512,3069.520614,3
2923,975,252,2313.860432,1
2924,975,255,3783.687212,2
2925,975,250,3871.472204,3
2926,976,1254,349.838997,1
2927,976,1256,707.196538,2
2928,976,1253,984.027981,3
2929,977,1249,268.204203,1
2930,977,1250,279.716047,2
2931,977,1117,366.467175,3
2932,978,1664,2448.118847,1
2933,978,1598,5686.691116,2
2934,978,1495,6259.128319,3
2935,979,414,414.780091,1
2936,979,416,1664.349848,2
2937,979,415,1837.941768,3
2938,980,1287,259.314314,1
2939,980,1134,4309.191804,2
2940,980,1275,5014.97046,3
2941,981,755,1423.415501,1
2942,981,733,2898.451326,2
2943,981,833,3161.811074,3
2944,982,999,806.344522,1
2945,982,1013,1108.460721,2
2946,982,1114,1524.336344,3
2947,983,632,636.857265,1
2948,983,664,1399.889366,2
2949,983,647,1874.146399,3
2950,984,1221,1541.19939,1
2951,984,1223,3399.313384,2
2952,984,1225,3565.837841,3
2953,985,393,566.15097,1
2954,985,394,1459.416273,2
2955,985,396,2726.935311,3
2956,986,1116,222.6388,1
2957,986,1003,483.68443,2
2958,986,1002,539.68341,3
2959,987,726,809.379004,1
2960,987,780,2059.06237,2
2961,987,768,2398.523339,3
2962,988,727,356.718074,1
2963,988,728,356.718074,1
2964,988,801,980.639765,2
2965,989,146,306.399473,1
2966,989,129,767.970133,2
2967,989,34,787.68583,3
2968,990,1465,214.05534,1
2969,990,1634,801.019373,2
2970,990,1666,2161.700781,3
2971,991,881,1298.628437,1
2972,991,857,7830.89447,2
2973,991,920,10002.76532,3
2974,992,869,1366.143006,1
2975,992,898,8558.064452,2
2976,992,884,10828.97587,3
2977,993,869,3302.569019,1
2978,993,898,6721.974047,2
2979,993,884,9029.942738,3
2980,994,907,2843.344401,1
2981,994,872,5741.705772,2
2982,994,903,5867.64095,3
2983,995,1357,306.653427,1
2984,995,1753,1212.302066,2
2985,995,1512,3318.241697,3
2986,996,632,719.99189,1
2987,996,664,1377.717928,2
2988,996,647,1802.318778,3
2989,997,298,1693.463722,1
2990,997,1584,2611.632165,2
2991,997,403,4835.462254,3
2992,998,501,1413.70823,1
2993,998,565,1537.975681,2
2994,998,564,1545.596347,3
2995,999,475,3369.71275,1
2996,999,474,3543.246377,2
2997,999,473,5057.014638,3
2998,1000,283,779.612061,1
2999,1000,282,942.787152,2
3000,1000,281,944.561305,3
3001,1001,320,1018.56411,1
3002,1001,319,1029.086025,2
3003,1001,318,1647.322404,3
3004,1002,1566,2345.785546,1
3005,1002,1498,7997.640831,2
3006,1002,1329,8957.793134,3
3007,1003,1145,2718.892809,1
3008,1003,1273,2987.251254,2
3009,1003,1031,3297.210951,3
3010,1004,1027,3685.143512,1
3011,1004,1032,3826.30191,2
3012,1004,1048,9389.710061,3
3013,1005,146,604.361454,1
3014,1005,129,767.700409,2
3015,1005,33,1075.733008,3
3016,1006,1174,1209.239601,1
3017,1006,944,3898.056346,2
3018,1006,938,6482.076084,3
3019,1007,57,1067.192298,1
3020,1007,32,1289.798181,2
3021,1007,19,1510.567795,3
3022,1008,1381,2149.614934,1
3023,1008,1448,4696.278819,2
3024,1008,1533,5577.64852,3
3025,1009,1254,235.297964,1
3026,1009,1256,804.234489,2
3027,1009,1253,1083.082132,3
3028,1010,1211,351.283654,1
3029,1010,1216,1482.821382,2
3030,1010,1094,1812.755344,3
3031,1011,1006,807.563003,1
3032,1011,1254,1424.665698,2
3033,1011,1007,1570.300577,3
3034,1012,755,1683.518806,1
3035,1012,733,2007.814609,2
3036,1012,804,2475.8022,3
3037,1013,1475,2164.17522,1
3038,1013,1383,6012.594185,2
3039,1013,1309,7767.31869,3
3040,1014,1576,5573.912315,1
3041,1014,1401,8108.259073,2
3042,1014,1689,8371.244867,3
3043,1015,709,3619.863684,1
3044,1015,708,3680.633568,2
3045,1015,826,4117.255894,3
3046,1016,227,1059.223873,1
3047,1016,219,3002.607107,2
3048,1016,228,3025.757776,3
3049,1017,927,563.436709,1
3050,1017,882,2000.858663,2
3051,1017,891,2405.677406,3
3052,1018,471,607.235886,1
3053,1018,472,1190.595608,2
3054,1018,470,2524.97617,3
3055,1019,447,4032.393216,1
3056,1019,449,4124.733755,2
3057,1019,448,4591.600929,3
3058,1020,513,910.731686,1
3059,1020,514,2903.330404,2
3060,1020,550,3640.832035,3
3061,1021,1709,4881.490993,1
3062,1021,1620,5391.185475,2
3063,1021,1411,5525.616929,3
3064,1022,639,2115.071853,1
3065,1022,685,2138.127216,2
3066,1022,633,2995.849626,3
3067,1023,1228,934.187465,1
3068,1023,1217,1531.406319,2
3069,1023,975,3369.300194,3
3070,1024,1694,638.542743,1
3071,1024,1750,813.90802,2
3072,1024,1351,4671.071135,3
3073,1025,1595,4701.934933,1
3074,1025,1731,5423.355495,2
3075,1025,1658,6116.254794,3
3076,1026,1356,1081.172544,1
3077,1026,1755,2090.713332,2
3078,1026,1521,2690.605691,3
3079,1027,1050,1774.916272,1
3080,1027,1271,4560.441264,2
3081,1027,1144,4791.472181,3
3082,1028,350,606.851466,1
3083,1028,347,635.036319,2
3084,1028,349,1223.771156,3
3085,1029,1678,1010.07107,1
3086,1029,1575,1974.779367,2
3087,1029,1646,3387.027328,3
3088,1030,1598,2548.852887,1
3089,1030,1466,4626.96188,2
3090,1030,1762,4685.893972,3
3091,1031,1062,3408.248964,1
3092,1031,1178,4485.477228,2
3093,1031,1064,5496.633395,3
3094,1032,299,426.927943,1
3095,1032,305,1191.307682,2
3096,1032,306,1654.123889,3
3097,1033,299,575.494131,1
3098,1033,305,1370.675326,2
3099,1033,306,1942.748709,3
3100,1034,794,892.766714,1
3101,1034,708,2865.670819,2
3102,1034,756,2874.858237,3
3103,1035,402,279.168737,1
3104,1035,405,3913.123845,2
3105,1035,404,4971.949602,3
3106,1036,402,279.168737,1
3107,1036,405,3913.123845,2
3108,1036,404,4971.949602,3
3109,1037,755,1256.687748,1
3110,1037,733,2509.726346,2
3111,1037,804,2906.765261,3
3112,1038,211,2726.382087,1
3113,1038,209,2766.759925,2
3114,1038,206,3865.871661,3
3115,1039,1161,2537.28933,1
3116,1039,1297,2630.838845,2
3117,1039,1168,2657.929071,3
3118,1040,1156,4512.820761,1
3119,1040,1151,4987.915646,2
3120,1040,1282,5511.131367,3
3121,1041,202,813.641059,1
3122,1041,247,2696.644949,2
3123,1041,249,5896.494689,3
3124,1042,968,173.304596,1
3125,1042,1087,1867.785553,2
3126,1042,1089,2228.926703,3
3127,1043,1254,621.553737,1
3128,1043,1256,1623.255177,2
3129,1043,1006,1756.186059,3
3130,1044,709,3554.487665,1
3131,1044,708,3598.724344,2
3132,1044,826,4107.430025,3
3133,1045,755,1796.595412,1
3134,1045,733,2856.566133,2
3135,1045,833,2890.323082,3
3136,1046,999,1107.277217,1
3137,1046,1114,1282.062068,2
3138,1046,991,1688.272877,3
3139,1047,1750,605.991823,1
3140,1047,1694,1702.638056,2
3141,1047,1351,5736.645107,3
3142,1048,318,872.940496,1
3143,1048,319,1654.280016,2
3144,1048,320,3241.832253,3
3145,1049,91,227.820014,1
3146,1049,147,627.987679,2
3147,1049,99,1038.548819,3
3148,1050,733,1745.470601,1
3149,1050,755,1919.976288,2
3150,1050,804,2252.408379,3
3151,1051,145,1439.634255,1
3152,1051,38,1984.342268,2
3153,1051,125,3020.958858,3
3154,1052,1063,543.223436,1
3155,1052,945,8925.369073,2
3156,1052,1180,9371.006677,3
3157,1053,1063,543.223436,1
3158,1053,945,8925.369073,2
3159,1053,1180,9371.006677,3
3160,1054,1232,1903.759887,1
3161,1054,1236,2418.33284,2
3162,1054,1233,3889.223701,3
3163,1055,318,872.940496,1
3164,1055,319,1654.280016,2
3165,1055,320,3241.832253,3
3166,1056,425,786.36911,1
3167,1056,500,1220.28264,2
3168,1056,498,2372.929373,3
3169,1057,1390,2488.546669,1
3170,1057,1354,3507.25208,2
3171,1057,1326,5012.261618,3
3172,1058,368,912.179385,1
3173,1058,265,915.68087,2
3174,1058,369,1128.546109,3
3175,1059,787,1175.983334,1
3176,1059,778,2224.068208,2
3177,1059,704,2828.328385,3
3178,1060,1771,571.441426,1
3179,1060,1516,2111.129814,2
3180,1060,1569,4111.044241,3
